Name	gachapon	Percent
Scroll for Bottomwear for Defense 10% (褲裙防禦卷軸 10%)	scroll gachapon(自由市場)	0.40%
Scroll for Bottomwear for Defense 100% (褲裙防禦卷軸 100%)	scroll gachapon(自由市場)	0.40%
Scroll for Bottomwear for Defense 15% (褲裙防禦卷軸 15%)	scroll gachapon(自由市場)	0.40%
Scroll for Bottomwear for Defense 60% (褲裙防禦卷軸 60%)	scroll gachapon(自由市場)	0.40%
Scroll for Bottomwear for DEX 10% (褲裙敏捷卷軸 10%)	scroll gachapon(自由市場)	0.40%
Scroll for Bottomwear for DEX 100% (褲裙敏捷卷軸 100%)	scroll gachapon(自由市場)	0.40%
Scroll for Bottomwear for DEX 15% (褲裙敏捷卷軸 15%)	scroll gachapon(自由市場)	0.40%
Scroll for Bottomwear for DEX 60% (褲裙敏捷卷軸 60%)	scroll gachapon(自由市場)	0.40%
Scroll for Bottomwear for Mobility 10% (褲裙迴避卷軸 10%)	scroll gachapon(自由市場)	0.40%
Scroll for Bottomwear for Mobility 100% (褲裙迴避卷軸 100%)	scroll gachapon(自由市場)	0.40%
Scroll for Bottomwear for Mobility 15% (褲裙迴避卷軸 15%)	scroll gachapon(自由市場)	0.40%
Scroll for Bottomwear for Mobility 60% (褲裙迴避卷軸 60%)	scroll gachapon(自由市場)	0.40%
Scroll for Bow for ATT 10% (弓攻擊卷軸 10%)	scroll gachapon(自由市場)	0.40%
Scroll for Bow for ATT 100% (弓攻擊卷軸 100%)	scroll gachapon(自由市場)	0.40%
Scroll for Bow for ATT 15% (弓攻擊卷軸 15%)	scroll gachapon(自由市場)	0.40%
Scroll for Bow for ATT 60% (弓攻擊卷軸 60%)	scroll gachapon(自由市場)	0.40%
Scroll for Cape for Defense 10% (披風防禦卷軸 10%)	scroll gachapon(自由市場)	0.40%
Scroll for Cape for Defense 100% (披風防禦卷軸 100%)	scroll gachapon(自由市場)	0.40%
Scroll for Cape for Defense 15% (披風防禦卷軸 15%)	scroll gachapon(自由市場)	0.40%
Scroll for Cape for Defense 60% (披風防禦卷軸 60%)	scroll gachapon(自由市場)	0.40%
Scroll for Cape for DEX 10% (披風敏捷卷軸 10%)	scroll gachapon(自由市場)	0.40%
Scroll for Cape for DEX 100% (披風敏捷卷軸 100%)	scroll gachapon(自由市場)	0.40%
Scroll for Cape for DEX 15% (披風敏捷卷軸 15%)	scroll gachapon(自由市場)	0.40%
Scroll for Cape for DEX 60% (披風敏捷卷軸 60%)	scroll gachapon(自由市場)	0.40%
Scroll for Cape for INT 10% (披風智力卷軸 10%)	scroll gachapon(自由市場)	0.40%
Scroll for Cape for INT 100% (披風智力卷軸 100%)	scroll gachapon(自由市場)	0.40%
Scroll for Cape for INT 15% (披風智力卷軸 15%)	scroll gachapon(自由市場)	0.40%
Scroll for Cape for INT 60% (披風智力卷軸 60%)	scroll gachapon(自由市場)	0.40%
Scroll for Cape for LUK 10% (披風幸運卷軸 10%)	scroll gachapon(自由市場)	0.40%
Scroll for Cape for LUK 100% (披風幸運卷軸 100%)	scroll gachapon(自由市場)	0.40%
Scroll for Cape for LUK 15% (披風幸運卷軸 15%)	scroll gachapon(自由市場)	0.40%
Scroll for Cape for LUK 60% (披風幸運卷軸 60%)	scroll gachapon(自由市場)	0.40%
Scroll for Cape for STR 10% (披風力量卷軸 10%)	scroll gachapon(自由市場)	0.40%
Scroll for Cape for STR 100% (披風力量卷軸 100%)	scroll gachapon(自由市場)	0.40%
Scroll for Cape for STR 15% (披風力量卷軸 15%)	scroll gachapon(自由市場)	0.40%
Scroll for Cape for STR 60% (披風力量卷軸 60%)	scroll gachapon(自由市場)	0.40%
Scroll for Claw for ATT 10% (拳套攻擊卷軸 10%)	scroll gachapon(自由市場)	0.40%
Scroll for Claw for ATT 100% (拳套攻擊卷軸 100%)	scroll gachapon(自由市場)	0.40%
Scroll for Claw for ATT 15% (拳套攻擊卷軸 15%)	scroll gachapon(自由市場)	0.40%
Scroll for Claw for ATT 60% (拳套攻擊卷軸 60%)	scroll gachapon(自由市場)	0.40%
Scroll for Crossbow for ATT 10% (弩攻擊卷軸 10%)	scroll gachapon(自由市場)	0.40%
Scroll for Crossbow for ATT 100% (弩攻擊卷軸 100%)	scroll gachapon(自由市場)	0.40%
Scroll for Crossbow for ATT 15% (弩攻擊卷軸 15%)	scroll gachapon(自由市場)	0.40%
Scroll for Crossbow for ATT 60% (弩攻擊卷軸 60%)	scroll gachapon(自由市場)	0.40%
Scroll for Dagger for ATT 10% (短劍攻擊卷軸 10%)	scroll gachapon(自由市場)	0.40%
Scroll for Dagger for ATT 100% (短劍攻擊卷軸 100%)	scroll gachapon(自由市場)	0.40%
Scroll for Dagger for ATT 15% (短劍攻擊卷軸 15%)	scroll gachapon(自由市場)	0.40%
Scroll for Dagger for ATT 60% (短劍攻擊卷軸 60%)	scroll gachapon(自由市場)	0.40%
Scroll for Earring for Defense 10% (耳環防禦卷軸 10%)	scroll gachapon(自由市場)	0.40%
Scroll for Earring for Defense 100% (耳環防禦卷軸 100%)	scroll gachapon(自由市場)	0.40%
Scroll for Earring for Defense 15% (耳環防禦卷軸 15%)	scroll gachapon(自由市場)	0.40%
Scroll for Earring for Defense 60% (耳環防禦卷軸 60%)	scroll gachapon(自由市場)	0.40%
Scroll for Earring for DEX 10% (耳環敏捷卷軸 10%)	scroll gachapon(自由市場)	0.40%
Scroll for Earring for DEX 100% (耳環敏捷卷軸 100%)	scroll gachapon(自由市場)	0.40%
Scroll for Earring for DEX 15% (耳環敏捷卷軸 15%)	scroll gachapon(自由市場)	0.40%
Scroll for Earring for DEX 60% (耳環敏捷卷軸 60%)	scroll gachapon(自由市場)	0.40%
Scroll for Earring for INT 10% (耳環智力卷軸 10%)	scroll gachapon(自由市場)	0.40%
Scroll for Earring for INT 100% (耳環智力卷軸 100%)	scroll gachapon(自由市場)	0.40%
Scroll for Earring for INT 15% (耳環智力卷軸 15%)	scroll gachapon(自由市場)	0.40%
Scroll for Earring for INT 60% (耳環智力卷軸 60%)	scroll gachapon(自由市場)	0.40%
Scroll for Earring for LUK 10% (耳環幸運卷軸 10%)	scroll gachapon(自由市場)	0.40%
Scroll for Earring for LUK 100% (耳環幸運卷軸 100%)	scroll gachapon(自由市場)	0.40%
Scroll for Earring for LUK 15% (耳環幸運卷軸 15%)	scroll gachapon(自由市場)	0.40%
Scroll for Earring for LUK 60% (耳環幸運卷軸 60%)	scroll gachapon(自由市場)	0.40%
Scroll for Earring for STR 10% (耳環力量卷軸 10%)	scroll gachapon(自由市場)	0.40%
Scroll for Earring for STR 100% (耳環力量卷軸 100%)	scroll gachapon(自由市場)	0.40%
Scroll for Earring for STR 15% (耳環力量卷軸 15%)	scroll gachapon(自由市場)	0.40%
Scroll for Earring for STR 60% (耳環力量卷軸 60%)	scroll gachapon(自由市場)	0.40%
Scroll for Gloves for Accuracy 10% (手套命中卷軸 10%)	scroll gachapon(自由市場)	0.40%
Scroll for Gloves for Accuracy 100% (手套命中卷軸 100%)	scroll gachapon(自由市場)	0.40%
Scroll for Gloves for Accuracy 15% (手套命中卷軸 15%)	scroll gachapon(自由市場)	0.40%
Scroll for Gloves for Accuracy 60% (手套命中卷軸 60%)	scroll gachapon(自由市場)	0.40%
Scroll for Gloves for ATT 10% (手套攻擊卷軸 10%)	scroll gachapon(自由市場)	0.40%
Scroll for Gloves for ATT 100% (手套攻擊卷軸 100%)	scroll gachapon(自由市場)	0.40%
Scroll for Gloves for ATT 15% (手套攻擊卷軸 15%)	scroll gachapon(自由市場)	0.40%
Scroll for Gloves for ATT 60% (手套攻擊卷軸 60%)	scroll gachapon(自由市場)	0.40%
Scroll for Gloves for Defense 10% (手套防禦卷軸 10%)	scroll gachapon(自由市場)	0.40%
Scroll for Gloves for Defense 100% (手套防禦卷軸 100%)	scroll gachapon(自由市場)	0.40%
Scroll for Gloves for Defense 15% (手套防禦卷軸 15%)	scroll gachapon(自由市場)	0.40%
Scroll for Gloves for Defense 60% (手套防禦卷軸 60%)	scroll gachapon(自由市場)	0.40%
Scroll for Gloves for Magic ATT 10% (手套魔力卷軸 10%)	scroll gachapon(自由市場)	0.40%
Scroll for Gloves for Magic ATT 100% (手套魔力卷軸 100%)	scroll gachapon(自由市場)	0.40%
Scroll for Gloves for Magic ATT 15% (手套魔力卷軸 15%)	scroll gachapon(自由市場)	0.40%
Scroll for Gloves for Magic ATT 60% (手套魔力卷軸 60%)	scroll gachapon(自由市場)	0.40%
Scroll for Gun for ATT 10% (火槍攻擊卷軸 10%)	scroll gachapon(自由市場)	0.40%
Scroll for Gun for ATT 100% (火槍攻擊卷軸 100%)	scroll gachapon(自由市場)	0.40%
Scroll for Gun for ATT 15% (火槍攻擊卷軸 15%)	scroll gachapon(自由市場)	0.40%
Scroll for Gun for ATT 60% (火槍攻擊卷軸 60%)	scroll gachapon(自由市場)	0.40%
Scroll for Helmet for Accuracy 10% (頭盔命中卷軸 10%)	scroll gachapon(自由市場)	0.40%
Scroll for Helmet for Accuracy 100% (頭盔命中卷軸 100%)	scroll gachapon(自由市場)	0.40%
Scroll for Helmet for Accuracy 15% (頭盔命中卷軸 15%)	scroll gachapon(自由市場)	0.40%
Scroll for Helmet for Accuracy 60% (頭盔命中卷軸 60%)	scroll gachapon(自由市場)	0.40%
Scroll for Helmet for Defense 10% (頭盔防禦卷軸 10%)	scroll gachapon(自由市場)	0.40%
Scroll for Helmet for Defense 100% (頭盔防禦卷軸 100%)	scroll gachapon(自由市場)	0.40%
Scroll for Helmet for Defense 60% (頭盔防禦卷軸 60%)	scroll gachapon(自由市場)	0.40%
Scroll for Helmet for DEX 10% (頭盔敏捷卷軸 10%)	scroll gachapon(自由市場)	0.40%
Scroll for Helmet for DEX 100% (頭盔敏捷卷軸 100%)	scroll gachapon(自由市場)	0.40%
Scroll for Helmet for DEX 15% (頭盔敏捷卷軸 15%)	scroll gachapon(自由市場)	0.40%
Scroll for Helmet for DEX 60% (頭盔敏捷卷軸 60%)	scroll gachapon(自由市場)	0.40%
Scroll for Helmet for INT 10% (頭盔智力卷軸 10%)	scroll gachapon(自由市場)	0.40%
Scroll for Helmet for INT 100% (頭盔智力卷軸 100%)	scroll gachapon(自由市場)	0.40%
Scroll for Helmet for INT 15% (頭盔智力卷軸 15%)	scroll gachapon(自由市場)	0.40%
Scroll for Helmet for INT 60% (頭盔智力卷軸 60%)	scroll gachapon(自由市場)	0.40%
Scroll for Knuckler for Accuracy 10% (指虎命中卷軸 10%)	scroll gachapon(自由市場)	0.40%
Scroll for Knuckler for Accuracy 100% (指虎命中卷軸 100%)	scroll gachapon(自由市場)	0.40%
Scroll for Knuckler for Accuracy 15% (指虎命中卷軸 15%)	scroll gachapon(自由市場)	0.40%
Scroll for Knuckler for Accuracy 60% (指虎命中卷軸 60%)	scroll gachapon(自由市場)	0.40%
Scroll for Knuckler for ATT 10% (指虎攻擊卷軸 10%)	scroll gachapon(自由市場)	0.40%
Scroll for Knuckler for ATT 100% (指虎攻擊卷軸 100%)	scroll gachapon(自由市場)	0.40%
Scroll for Knuckler for ATT 15% (指虎攻擊卷軸 15%)	scroll gachapon(自由市場)	0.40%
Scroll for Knuckler for ATT 60% (指虎攻擊卷軸 60%)	scroll gachapon(自由市場)	0.40%
Scroll for One-Handed Axe for Accuracy 10% (單手斧命中卷軸 10%)	scroll gachapon(自由市場)	0.40%
Scroll for One-Handed Axe for Accuracy 100% (單手斧命中卷軸 100%)	scroll gachapon(自由市場)	0.40%
Scroll for One-Handed Axe for Accuracy 15% (單手斧命中卷軸 15%)	scroll gachapon(自由市場)	0.40%
Scroll for One-Handed Axe for Accuracy 60% (單手斧命中卷軸 60%)	scroll gachapon(自由市場)	0.40%
Scroll for One-Handed Axe for ATT 10% (單手斧攻擊卷軸 10%)	scroll gachapon(自由市場)	0.40%
Scroll for One-Handed Axe for ATT 100% (單手斧攻擊卷軸 100%)	scroll gachapon(自由市場)	0.40%
Scroll for One-Handed Axe for ATT 15% (單手斧攻擊卷軸 15%)	scroll gachapon(自由市場)	0.40%
Scroll for One-Handed Axe for ATT 60% (單手斧攻擊卷軸 60%)	scroll gachapon(自由市場)	0.40%
Scroll for One-Handed BW for Accuracy 10% (單手棍命中卷軸 10%)	scroll gachapon(自由市場)	0.40%
Scroll for One-Handed BW for Accuracy 100% (單手棍命中卷軸 100%)	scroll gachapon(自由市場)	0.40%
Scroll for One-Handed BW for Accuracy 15% (單手棍命中卷軸 15%)	scroll gachapon(自由市場)	0.40%
Scroll for One-Handed BW for Accuracy 60% (單手棍命中卷軸 60%)	scroll gachapon(自由市場)	0.40%
Scroll for One-Handed BW for ATT 10% (單手棍攻擊卷軸 10%)	scroll gachapon(自由市場)	0.40%
Scroll for One-Handed BW for ATT 100% (單手棍攻擊卷軸 100%)	scroll gachapon(自由市場)	0.40%
Scroll for One-Handed BW for ATT 15% (單手棍攻擊卷軸 15%)	scroll gachapon(自由市場)	0.40%
Scroll for One-Handed BW for ATT 60% (單手棍攻擊卷軸 60%)	scroll gachapon(自由市場)	0.40%
Scroll for One-Handed Sword for Accuracy 10% (單手劍命中卷軸 10%)	scroll gachapon(自由市場)	0.40%
Scroll for One-Handed Sword for Accuracy 100% (單手劍命中卷軸 100%)	scroll gachapon(自由市場)	0.40%
Scroll for One-Handed Sword for Accuracy 15% (單手劍命中卷軸 15%)	scroll gachapon(自由市場)	0.40%
Scroll for One-Handed Sword for Accuracy 60% (單手劍命中卷軸 60%)	scroll gachapon(自由市場)	0.40%
Scroll for One-Handed Sword for ATT 10% (單手劍攻擊卷軸 10%)	scroll gachapon(自由市場)	0.40%
Scroll for One-Handed Sword for ATT 100% (單手劍攻擊卷軸 100%)	scroll gachapon(自由市場)	0.40%
Scroll for One-Handed Sword for ATT 15% (單手劍攻擊卷軸 15%)	scroll gachapon(自由市場)	0.40%
Scroll for One-Handed Sword for ATT 60% (單手劍攻擊卷軸 60%)	scroll gachapon(自由市場)	0.40%
Scroll for Overall Armor for Defense 10% (套服防禦卷軸 10%)	scroll gachapon(自由市場)	0.40%
Scroll for Overall Armor for Defense 100% (套服防禦卷軸 100%)	scroll gachapon(自由市場)	0.40%
Scroll for Overall Armor for Defense 15% (套服防禦卷軸 15%)	scroll gachapon(自由市場)	0.40%
Scroll for Overall Armor for Defense 60% (套服防禦卷軸 60%)	scroll gachapon(自由市場)	0.40%
Scroll for Overall Armor for DEX 10% (套服敏捷卷軸 10%)	scroll gachapon(自由市場)	0.40%
Scroll for Overall Armor for DEX 100% (套服敏捷卷軸 100%)	scroll gachapon(自由市場)	0.40%
Scroll for Overall Armor for DEX 15% (套服敏捷卷軸 15%)	scroll gachapon(自由市場)	0.40%
Scroll for Overall Armor for DEX 60% (套服敏捷卷軸 60%)	scroll gachapon(自由市場)	0.40%
Scroll for Overall Armor for INT 10% (套服智力卷軸 10%)	scroll gachapon(自由市場)	0.40%
Scroll for Overall Armor for INT 100% (套服智力卷軸 100%)	scroll gachapon(自由市場)	0.40%
Scroll for Overall Armor for INT 15% (套服智力卷軸 15%)	scroll gachapon(自由市場)	0.40%
Scroll for Overall Armor for INT 60% (套服智力卷軸 60%)	scroll gachapon(自由市場)	0.40%
Scroll for Overall Armor for LUK 10% (套服幸運卷軸 10%)	scroll gachapon(自由市場)	0.40%
Scroll for Overall Armor for LUK 100% (套服幸運卷軸 100%)	scroll gachapon(自由市場)	0.40%
Scroll for Overall Armor for LUK 15% (套服幸運卷軸 15%)	scroll gachapon(自由市場)	0.40%
Scroll for Overall Armor for LUK 60% (套服幸運卷軸 60%)	scroll gachapon(自由市場)	0.40%
Scroll for Overall Armor for STR 10% (套服力量卷軸 10%)	scroll gachapon(自由市場)	0.40%
Scroll for Overall Armor for STR 100% (套服力量卷軸 100%)	scroll gachapon(自由市場)	0.40%
Scroll for Overall Armor for STR 15% (套服力量卷軸 15%)	scroll gachapon(自由市場)	0.40%
Scroll for Overall Armor for STR 60% (套服力量卷軸 60%)	scroll gachapon(自由市場)	0.40%
Scroll for Pole Arm for Accuracy 10% (矛命中卷軸 10%)	scroll gachapon(自由市場)	0.40%
Scroll for Pole Arm for Accuracy 100% (矛命中卷軸 100%)	scroll gachapon(自由市場)	0.40%
Scroll for Pole Arm for Accuracy 15% (矛命中卷軸 15%)	scroll gachapon(自由市場)	0.40%
Scroll for Pole Arm for Accuracy 60% (矛命中卷軸 60%)	scroll gachapon(自由市場)	0.40%
Scroll for Pole Arm for ATT 10% (矛攻擊卷軸 10%)	scroll gachapon(自由市場)	0.40%
Scroll for Pole Arm for ATT 100% (矛攻擊卷軸 100%)	scroll gachapon(自由市場)	0.40%
Scroll for Pole Arm for ATT 15% (矛攻擊卷軸 15%)	scroll gachapon(自由市場)	0.40%
Scroll for Pole Arm for ATT 60% (矛攻擊卷軸 60%)	scroll gachapon(自由市場)	0.40%
Scroll for Shield for ATT 10% (盾牌攻擊卷軸 10%)	scroll gachapon(自由市場)	0.40%
Scroll for Shield for ATT 100% (盾牌攻擊卷軸 100%)	scroll gachapon(自由市場)	0.40%
Scroll for Shield for ATT 15% (盾牌攻擊卷軸 15%)	scroll gachapon(自由市場)	0.40%
Scroll for Shield for ATT 60% (盾牌攻擊卷軸 60%)	scroll gachapon(自由市場)	0.40%
Scroll for Shield for Defense 10% (盾牌防禦卷軸 10%)	scroll gachapon(自由市場)	0.40%
Scroll for Shield for Defense 100% (盾牌防禦卷軸 100%)	scroll gachapon(自由市場)	0.40%
Scroll for Shield for Defense 15% (盾牌防禦卷軸 15%)	scroll gachapon(自由市場)	0.40%
Scroll for Shield for Defense 60% (盾牌防禦卷軸 60%)	scroll gachapon(自由市場)	0.40%
Scroll for Shield for LUK 10% (盾牌幸運卷軸 10%)	scroll gachapon(自由市場)	0.40%
Scroll for Shield for LUK 100% (盾牌幸運卷軸 100%)	scroll gachapon(自由市場)	0.40%
Scroll for Shield for LUK 15% (盾牌幸運卷軸 15%)	scroll gachapon(自由市場)	0.40%
Scroll for Shield for LUK 60% (盾牌幸運卷軸 60%)	scroll gachapon(自由市場)	0.40%
Scroll for Shield for Magic ATT 10% (盾牌魔力卷軸 10%)	scroll gachapon(自由市場)	0.40%
Scroll for Shield for Magic ATT 100% (盾牌魔力卷軸 100%)	scroll gachapon(自由市場)	0.40%
Scroll for Shield for Magic ATT 15% (盾牌魔力卷軸 15%)	scroll gachapon(自由市場)	0.40%
Scroll for Shield for Magic ATT 60% (盾牌魔力卷軸 60%)	scroll gachapon(自由市場)	0.40%
Scroll for Shield for STR 10% (盾牌力量卷軸 10%)	scroll gachapon(自由市場)	0.40%
Scroll for Shield for STR 100% (盾牌力量卷軸 100%)	scroll gachapon(自由市場)	0.40%
Scroll for Shield for STR 15% (盾牌力量卷軸 15%)	scroll gachapon(自由市場)	0.40%
Scroll for Shield for STR 60% (盾牌力量卷軸 60%)	scroll gachapon(自由市場)	0.40%
Scroll for Shoes for Avoidability 10% (鞋子迴避卷軸 10%)	scroll gachapon(自由市場)	0.40%
Scroll for Shoes for Avoidability 100% (鞋子迴避卷軸 100%)	scroll gachapon(自由市場)	0.40%
Scroll for Shoes for Avoidability 15% (鞋子迴避卷軸 15%)	scroll gachapon(自由市場)	0.40%
Scroll for Shoes for Avoidability 60% (鞋子迴避卷軸 60%)	scroll gachapon(自由市場)	0.40%
Scroll for Shoes for Jump 10% (鞋子跳躍卷軸 10%)	scroll gachapon(自由市場)	0.40%
Scroll for Shoes for Jump 100% (鞋子跳躍卷軸 100%)	scroll gachapon(自由市場)	0.40%
Scroll for Shoes for Jump 15% (鞋子跳躍卷軸 15%)	scroll gachapon(自由市場)	0.40%
Scroll for Shoes for Jump 60% (鞋子跳躍卷軸 60%)	scroll gachapon(自由市場)	0.40%
Scroll for Shoes for Mobility 10% (鞋子移動卷軸 10%)	scroll gachapon(自由市場)	0.40%
Scroll for Shoes for Mobility 100% (鞋子移動卷軸 100%)	scroll gachapon(自由市場)	0.40%
Scroll for Shoes for Mobility 15% (鞋子移動卷軸 15%)	scroll gachapon(自由市場)	0.40%
Scroll for Shoes for Mobility 60% (鞋子移動卷軸 60%)	scroll gachapon(自由市場)	0.40%
Scroll for Spear for Accuracy 10% (槍命中卷軸 10%)	scroll gachapon(自由市場)	0.40%
Scroll for Spear for Accuracy 100% (槍命中卷軸 100%)	scroll gachapon(自由市場)	0.40%
Scroll for Spear for Accuracy 15% (槍命中卷軸 15%)	scroll gachapon(自由市場)	0.40%
Scroll for Spear for Accuracy 60% (槍命中卷軸 60%)	scroll gachapon(自由市場)	0.40%
Scroll for Spear for ATT 10% (槍攻擊卷軸 10%)	scroll gachapon(自由市場)	0.40%
Scroll for Spear for ATT 100% (槍攻擊卷軸 100%)	scroll gachapon(自由市場)	0.40%
Scroll for Spear for ATT 15% (槍攻擊卷軸 15%)	scroll gachapon(自由市場)	0.40%
Scroll for Spear for ATT 60% (槍攻擊卷軸 60%)	scroll gachapon(自由市場)	0.40%
Scroll for Staff for Magic ATT 10% (長杖魔力卷軸 10%)	scroll gachapon(自由市場)	0.40%
Scroll for Staff for Magic ATT 100% (長杖魔力卷軸 100%)	scroll gachapon(自由市場)	0.40%
Scroll for Staff for Magic ATT 15% (長杖魔力卷軸 15%)	scroll gachapon(自由市場)	0.40%
Scroll for Staff for Magic ATT 60% (長杖魔力卷軸 60%)	scroll gachapon(自由市場)	0.40%
Scroll for Topwear for Defense 10% (上衣防禦卷軸 10%)	scroll gachapon(自由市場)	0.40%
Scroll for Topwear for Defense 100% (上衣防禦卷軸 100%)	scroll gachapon(自由市場)	0.40%
Scroll for Topwear for Defense 15% (上衣防禦卷軸 15%)	scroll gachapon(自由市場)	0.40%
Scroll for Topwear for Defense 60% (上衣防禦卷軸 60%)	scroll gachapon(自由市場)	0.40%
Scroll for Topwear for LUK 10% (上衣幸運卷軸 10%)	scroll gachapon(自由市場)	0.40%
Scroll for Topwear for LUK 100% (上衣幸運卷軸 100%)	scroll gachapon(自由市場)	0.40%
Scroll for Topwear for LUK 15% (上衣幸運卷軸 15%)	scroll gachapon(自由市場)	0.40%
Scroll for Topwear for LUK 60% (上衣幸運卷軸 60%)	scroll gachapon(自由市場)	0.40%
Scroll for Topwear for STR 10% (上衣力量卷軸 10%)	scroll gachapon(自由市場)	0.40%
Scroll for Topwear for STR 100% (上衣力量卷軸 100%)	scroll gachapon(自由市場)	0.40%
Scroll for Topwear for STR 15% (上衣力量卷軸 15%)	scroll gachapon(自由市場)	0.40%
Scroll for Topwear for STR 60% (上衣力量卷軸 60%)	scroll gachapon(自由市場)	0.40%
Scroll for Two-Handed Axe for Accuracy 10% (雙手斧命中卷軸 10%)	scroll gachapon(自由市場)	0.40%
Scroll for Two-Handed Axe for Accuracy 100% (雙手斧命中卷軸 100%)	scroll gachapon(自由市場)	0.40%
Scroll for Two-Handed Axe for Accuracy 15% (雙手斧命中卷軸 15%)	scroll gachapon(自由市場)	0.40%
Scroll for Two-Handed Axe for Accuracy 60% (雙手斧命中卷軸 60%)	scroll gachapon(自由市場)	0.40%
Scroll for Two-Handed Axe for ATT 10% (雙手斧攻擊卷軸 10%)	scroll gachapon(自由市場)	0.40%
Scroll for Two-Handed Axe for ATT 100% (雙手斧攻擊卷軸 100%)	scroll gachapon(自由市場)	0.40%
Scroll for Two-Handed Axe for ATT 15% (雙手斧攻擊卷軸 15%)	scroll gachapon(自由市場)	0.40%
Scroll for Two-Handed Axe for ATT 60% (雙手斧攻擊卷軸 60%)	scroll gachapon(自由市場)	0.40%
Scroll for Two-Handed BW for Accuracy 10% (雙手棍命中卷軸 10%)	scroll gachapon(自由市場)	0.40%
Scroll for Two-Handed BW for Accuracy 100% (雙手棍命中卷軸 100%)	scroll gachapon(自由市場)	0.40%
Scroll for Two-Handed BW for Accuracy 15% (雙手棍命中卷軸 15%)	scroll gachapon(自由市場)	0.40%
Scroll for Two-Handed BW for Accuracy 60% (雙手棍命中卷軸 60%)	scroll gachapon(自由市場)	0.40%
Scroll for Two-Handed BW for ATT 10% (雙手棍攻擊卷軸 10%)	scroll gachapon(自由市場)	0.40%
Scroll for Two-Handed BW for ATT 100% (雙手棍攻擊卷軸 100%)	scroll gachapon(自由市場)	0.40%
Scroll for Two-Handed BW for ATT 15% (雙手棍攻擊卷軸 15%)	scroll gachapon(自由市場)	0.40%
Scroll for Two-Handed BW for ATT 60% (雙手棍攻擊卷軸 60%)	scroll gachapon(自由市場)	0.40%
Scroll for Two-Handed Sword for Accuracy 10% (雙手劍命中卷軸 10%)	scroll gachapon(自由市場)	0.40%
Scroll for Two-Handed Sword for Accuracy 100% (雙手劍命中卷軸 100%)	scroll gachapon(自由市場)	0.40%
Scroll for Two-Handed Sword for Accuracy 15% (雙手劍命中卷軸 15%)	scroll gachapon(自由市場)	0.40%
Scroll for Two-Handed Sword for Accuracy 60% (雙手劍命中卷軸 60%)	scroll gachapon(自由市場)	0.40%
Scroll for Two-Handed Sword for ATT 10% (雙手劍攻擊卷軸 10%)	scroll gachapon(自由市場)	0.40%
Scroll for Two-Handed Sword for ATT 100% (雙手劍攻擊卷軸 100%)	scroll gachapon(自由市場)	0.40%
Scroll for Two-Handed Sword for ATT 15% (雙手劍攻擊卷軸 15%)	scroll gachapon(自由市場)	0.40%
Scroll for Two-Handed Sword for ATT 60% (雙手劍攻擊卷軸 60%)	scroll gachapon(自由市場)	0.40%
Scroll for Wand for Magic ATT 10% (短杖魔力卷軸 10%)	scroll gachapon(自由市場)	0.40%
Scroll for Wand for Magic ATT 100% (短杖魔力卷軸 100%)	scroll gachapon(自由市場)	0.40%
Scroll for Wand for Magic ATT 15% (短杖魔力卷軸 15%)	scroll gachapon(自由市場)	0.40%
Scroll for Wand for Magic ATT 60% (短杖魔力卷軸 60%)	scroll gachapon(自由市場)	0.40%
Gold Emerald Earrings	LithHarborGachapon(維多利亞港)	0.07%
Purple Adventurer Cape (紫色冒險家披風)	LithHarborGachapon(維多利亞港)	0.10%
Yellow Snowshoes (黃色釘鞋)	LithHarborGachapon(維多利亞港)	0.19%
Brown Work Gloves (褐色工作手套)	LithHarborGachapon(維多利亞港)	0.19%
Pink Adventurer Cape (粉色冒險家披風)	LithHarborGachapon(維多利亞港)	0.19%
Sword Earrings (刀劍耳環)	LithHarborGachapon(維多利亞港)	0.29%
Bath Towel (Black)	LithHarborGachapon(維多利亞港)	0.29%
Yellow Bath Towel	LithHarborGachapon(維多利亞港)	0.29%
Violet Snowshoes	LithHarborGachapon(維多利亞港)	0.29%
Blue Musketeer Cape	LithHarborGachapon(維多利亞港)	0.32%
Turquoise Musketeer Cape	LithHarborGachapon(維多利亞港)	0.32%
Red Musketeer Cape	LithHarborGachapon(維多利亞港)	0.32%
Red Surfboard	LithHarborGachapon(維多利亞港)	0.32%
Rose Earrings (玫瑰耳環)	LithHarborGachapon(維多利亞港)	0.35%
Yellow Adventurer Cape (黃色冒險家披風)	LithHarborGachapon(維多利亞港)	0.35%
Fishing Pole (釣魚杆)	LithHarborGachapon(維多利亞港)	0.35%
Strawberry Earrings (草莓耳環)	LithHarborGachapon(維多利亞港)	0.39%
Green Giles Cape (綠龍紋披風)	LithHarborGachapon(維多利亞港)	0.39%
Purple Giles Cape (紫龍紋披風)	LithHarborGachapon(維多利亞港)	0.39%
Red Giles Cape	LithHarborGachapon(維多利亞港)	0.39%
Blue Giles Cape (藍龍紋披風)	LithHarborGachapon(維多利亞港)	0.39%
Black Giles Cape (黑龍紋披風)	LithHarborGachapon(維多利亞港)	0.39%
Sky Ski (藍色滑雪板)	LithHarborGachapon(維多利亞港)	0.39%
Brown Bandana (褐色頭巾)	LithHarborGachapon(維多利亞港)	0.43%
Metal Heart Earrings (金屬心型耳環)	LithHarborGachapon(維多利亞港)	0.43%
Fallen Leaf Earrings (枯葉耳環)	LithHarborGachapon(維多利亞港)	0.43%
Glowing Whip (光線鞭子)	LithHarborGachapon(維多利亞港)	0.43%
Half Earrings (紅色時髦耳環)	LithHarborGachapon(維多利亞港)	0.48%
Green Seraph Cape (綠妖精披風)	LithHarborGachapon(維多利亞港)	0.48%
Blue Seraph Cape (藍妖精披風)	LithHarborGachapon(維多利亞港)	0.48%
Red Seraph Cape (紅妖精披風)	LithHarborGachapon(維多利亞港)	0.48%
White Seraph Cape (白妖精披風)	LithHarborGachapon(維多利亞港)	0.48%
Black Seraph Cape (黑妖精披風)	LithHarborGachapon(維多利亞港)	0.48%
Green Bandana (綠色頭巾)	LithHarborGachapon(維多利亞港)	0.53%
Metal Silver Earrings (銀製耳環)	LithHarborGachapon(維多利亞港)	0.53%
Colorful Tube (彩虹游泳圈)	LithHarborGachapon(維多利亞港)	0.53%
Gold Drop Earrings (黃金耳環)	LithHarborGachapon(維多利亞港)	0.59%
Blue Gaia Cape (藍鬥士披風)	LithHarborGachapon(維多利亞港)	0.59%
Red Gaia Cape (紅鬥士披風)	LithHarborGachapon(維多利亞港)	0.59%
White Gaia Cape (白鬥士披風)	LithHarborGachapon(維多利亞港)	0.59%
Black Gaia Cape (黑鬥士披風)	LithHarborGachapon(維多利亞港)	0.59%
Pink-Flowered Earrings (梅花耳環)	LithHarborGachapon(維多利亞港)	0.67%
Palette (調色盤)	LithHarborGachapon(維多利亞港)	0.67%
Blue Magic Cape (藍色魔法披風)	LithHarborGachapon(維多利亞港)	0.67%
Red Magic Cape (紅色魔法披風)	LithHarborGachapon(維多利亞港)	0.67%
White Magic Cape (白色魔法披風)	LithHarborGachapon(維多利亞港)	0.67%
Black Magic Cape (黑色魔法披風)	LithHarborGachapon(維多利亞港)	0.67%
Pico-Pico Hammer	LithHarborGachapon(維多利亞港)	0.67%
Green Paint Brush	LithHarborGachapon(維多利亞港)	0.67%
Emergency Rescue Tube	LithHarborGachapon(維多利亞港)	0.67%
Thermometer (溫度計)	LithHarborGachapon(維多利亞港)	0.67%
Sake Bottle	LithHarborGachapon(維多利亞港)	0.67%
Blood Snowboard	LithHarborGachapon(維多利亞港)	0.67%
Crystal Flower Earrings (水仙耳環)	LithHarborGachapon(維多利亞港)	0.75%
Holy Cross Earrings (聖十字耳環)	LithHarborGachapon(維多利亞港)	0.75%
Blue Justice Cape	LithHarborGachapon(維多利亞港)	0.75%
Red Justice Cape (紅色守護披風)	LithHarborGachapon(維多利亞港)	0.75%
White Justice Cape (白色守護披風)	LithHarborGachapon(維多利亞港)	0.75%
Black Justice Cape	LithHarborGachapon(維多利亞港)	0.75%
Red Umbrella (紅色雨傘)	LithHarborGachapon(維多利亞港)	0.75%
Black Paint Brush	LithHarborGachapon(維多利亞港)	0.75%
Green Ski (綠色滑雪板)	LithHarborGachapon(維多利亞港)	0.75%
Green Surfboard	LithHarborGachapon(維多利亞港)	0.75%
Skull Earrings (骷髏耳環)	LithHarborGachapon(維多利亞港)	0.86%
Red-Hearted Earrings (愛心耳環)	LithHarborGachapon(維多利亞港)	0.86%
Black Emerald Earrings (黑祖母綠耳環)	LithHarborGachapon(維多利亞港)	0.86%
Green Adventurer Cape	LithHarborGachapon(維多利亞港)	0.86%
Blue Adventurer Cape	LithHarborGachapon(維多利亞港)	0.86%
Red Adventurer Cape	LithHarborGachapon(維多利亞港)	0.86%
White Adventurer Cape	LithHarborGachapon(維多利亞港)	0.86%
Black Adventurer Cape	LithHarborGachapon(維多利亞港)	0.86%
Brown Adventurer Cape (褐色冒險家披風)	LithHarborGachapon(維多利亞港)	0.86%
Black Tube	LithHarborGachapon(維多利亞港)	0.86%
Frozen Tuna (冷凍金槍魚)	LithHarborGachapon(維多利亞港)	0.86%
Dark Snowboard (黑雪板)	LithHarborGachapon(維多利亞港)	0.91%
Pansy Earrings (紫荊花耳環)	LithHarborGachapon(維多利亞港)	0.99%
Hula Hoop (呼啦圈)	LithHarborGachapon(維多利亞港)	0.99%
Black Surfboard	LithHarborGachapon(維多利亞港)	0.99%
Beige Umbrella (褐色雨傘)	LithHarborGachapon(維多利亞港)	1.05%
Blue Moon (青月)	LithHarborGachapon(維多利亞港)	1.14%
Yellow Umbrella (黃色雨傘)	LithHarborGachapon(維多利亞港)	1.14%
Purple Tube	LithHarborGachapon(維多利亞港)	1.14%
Golden Snowboard (黃金雪板)	LithHarborGachapon(維多利亞港)	1.30%
Sapphire Earrings (藍寶石耳環)	LithHarborGachapon(維多利亞港)	1.35%
Cat's Eye (貓眼耳環)	LithHarborGachapon(維多利亞港)	1.35%
Red Whip (紅色鞭子)	LithHarborGachapon(維多利亞港)	1.35%
Orange Ski (橙色滑雪板)	LithHarborGachapon(維多利亞港)	1.45%
Brown Bamboo Hat (褐色斗笠)	LithHarborGachapon(維多利亞港)	1.62%
Green Bamboo Hat	LithHarborGachapon(維多利亞港)	1.62%
Blue Bamboo Hat (藍色斗笠)	LithHarborGachapon(維多利亞港)	1.62%
Pink Bandana (粉紅頭巾)	LithHarborGachapon(維多利亞港)	1.62%
Grey Bandana (灰色頭巾)	LithHarborGachapon(維多利亞港)	1.62%
Black Starry Bandana	LithHarborGachapon(維多利亞港)	1.62%
White Starry Bandana	LithHarborGachapon(維多利亞港)	1.62%
White Baseball Cap (白色棒球帽)	LithHarborGachapon(維多利亞港)	1.62%
Purple Bamboo Hat	LithHarborGachapon(維多利亞港)	1.62%
Bathrobe for Men	LithHarborGachapon(維多利亞港)	1.62%
Bathrobe for Women	LithHarborGachapon(維多利亞港)	1.62%
Yellow Work Gloves (黃色工作手套)	LithHarborGachapon(維多利亞港)	1.62%
Red Work Gloves (紅色工作手套)	LithHarborGachapon(維多利亞港)	1.62%
Blue Work Gloves (藍色工作手套)	LithHarborGachapon(維多利亞港)	1.62%
Purple Work Gloves (紫色工作手套)	LithHarborGachapon(維多利亞港)	1.62%
Grey Work Gloves (灰色工作手套)	LithHarborGachapon(維多利亞港)	1.62%
Green Umbrella (綠色雨傘)	LithHarborGachapon(維多利亞港)	1.62%
Light Purple Umbrella (紫色雨傘)	LithHarborGachapon(維多利亞港)	1.62%
Lollipop (棒棒果)	LithHarborGachapon(維多利亞港)	1.62%
Frying Pan (米伽勒的平底鍋)	LithHarborGachapon(維多利亞港)	1.62%
Pig Illustrated	LithHarborGachapon(維多利亞港)	1.62%
Aluminum Baseball Bat (鋁球棍)	LithHarborGachapon(維多利亞港)	1.62%
Red Ski (紅色滑雪板)	LithHarborGachapon(維多利亞港)	1.62%
Surfboard	LithHarborGachapon(維多利亞港)	1.62%
Aqua Snowboard	LithHarborGachapon(維多利亞港)	1.62%
Silver Snowboard	LithHarborGachapon(維多利亞港)	1.62%
Gold Surfboard	LithHarborGachapon(維多利亞港)	1.62%
Blue Metus	HenesysGachapon(弓箭手村)	0.13%
Red Arnah Cap (紅色阿爾納帽)	HenesysGachapon(弓箭手村)	0.19%
Blue Arnah Cap (藍色阿爾納帽)	HenesysGachapon(弓箭手村)	0.19%
Green Arnah Cap	HenesysGachapon(弓箭手村)	0.19%
Green Arzuna (綠色卡那裝)	HenesysGachapon(弓箭手村)	0.19%
Blue Arzuna (藍色卡那裝)	HenesysGachapon(弓箭手村)	0.19%
Red Arzuna (紅色卡那裝)	HenesysGachapon(弓箭手村)	0.19%
Green Armis (綠色米斯裝)	HenesysGachapon(弓箭手村)	0.19%
Blue Armis	HenesysGachapon(弓箭手村)	0.19%
Red Armis (紅色米斯裝)	HenesysGachapon(弓箭手村)	0.19%
Red Arnah Shoes (紅色阿爾納鞋)	HenesysGachapon(弓箭手村)	0.19%
Blue Arnah Shoes (藍色阿爾納鞋)	HenesysGachapon(弓箭手村)	0.19%
Green Arnah Shoes (綠色阿爾納鞋)	HenesysGachapon(弓箭手村)	0.19%
Red Arcina (紅色條紋手套)	HenesysGachapon(弓箭手村)	0.19%
Blue Arcina (藍色條紋手套)	HenesysGachapon(弓箭手村)	0.19%
Green Arcina (星紋手套)	HenesysGachapon(弓箭手村)	0.19%
Diamond Arrow for Bow (鑽石箭矢)	HenesysGachapon(弓箭手村)	0.19%
Diamond Bolt for Crossbow	HenesysGachapon(弓箭手村)	0.19%
White Nisrock (白色雷鳥弓)	HenesysGachapon(弓箭手村)	0.19%
Golden Nisrock (金色雷鳥弓)	HenesysGachapon(弓箭手村)	0.19%
Dark Nisrock (黑色雷鳥弓)	HenesysGachapon(弓箭手村)	0.19%
White Neschere (白色獵鷹弓)	HenesysGachapon(弓箭手村)	0.19%
Golden Neschere (金色獵鷹弓)	HenesysGachapon(弓箭手村)	0.19%
Dark Neschere (黑色獵鷹弓)	HenesysGachapon(弓箭手村)	0.19%
Red Arlic Helmet (紅色昂斯頭盔)	HenesysGachapon(弓箭手村)	0.23%
Blue Arlic Helmet (藍色昂斯頭盔)	HenesysGachapon(弓箭手村)	0.23%
Green Arlic Helmet (綠色昂斯頭盔)	HenesysGachapon(弓箭手村)	0.23%
Dark Arlic Helmet (黑色昂斯頭盔)	HenesysGachapon(弓箭手村)	0.23%
Red Ades (紅色昂斯)	HenesysGachapon(弓箭手村)	0.23%
Blue Ades (藍色昂斯)	HenesysGachapon(弓箭手村)	0.23%
Green Ades (綠色昂斯)	HenesysGachapon(弓箭手村)	0.23%
Dark Ades (黑色昂斯)	HenesysGachapon(弓箭手村)	0.23%
Red Anes (紅色高麗貴婦袍)	HenesysGachapon(弓箭手村)	0.23%
Blue Anes (藍色高麗貴婦袍)	HenesysGachapon(弓箭手村)	0.23%
Green Anes (綠色高麗貴婦袍)	HenesysGachapon(弓箭手村)	0.23%
Dark Anes (黑色高麗貴婦袍)	HenesysGachapon(弓箭手村)	0.23%
Red Ades Shoes (紅色昂斯鞋)	HenesysGachapon(弓箭手村)	0.23%
Green Ades Shoes (綠色昂斯鞋)	HenesysGachapon(弓箭手村)	0.23%
Dark Ades Shoes (黑色昂斯鞋)	HenesysGachapon(弓箭手村)	0.23%
Red Focus (紅色亞達夫手套)	HenesysGachapon(弓箭手村)	0.23%
Green Focus (綠色亞達夫手套)	HenesysGachapon(弓箭手村)	0.23%
Dark Focus (黑色亞達夫手套)	HenesysGachapon(弓箭手村)	0.23%
Metus (梅杜斯)	HenesysGachapon(弓箭手村)	0.23%
Black Metus	HenesysGachapon(弓箭手村)	0.23%
Casa Crow (可撒之弩)	HenesysGachapon(弓箭手村)	0.23%
Yellow Crow	HenesysGachapon(弓箭手村)	0.23%
Blue Falcon (藍色飛翔帽)	HenesysGachapon(弓箭手村)	0.29%
Red Falcon (紅色飛翔帽)	HenesysGachapon(弓箭手村)	0.29%
Green Falcon (綠色飛翔帽)	HenesysGachapon(弓箭手村)	0.29%
Dark Falcon (黑色飛翔帽)	HenesysGachapon(弓箭手村)	0.29%
Red Pris (紅宮衣)	HenesysGachapon(弓箭手村)	0.29%
Blue Pris (藍宮衣)	HenesysGachapon(弓箭手村)	0.29%
Green Pris (綠宮衣)	HenesysGachapon(弓箭手村)	0.29%
Dark Pris (黑宮衣)	HenesysGachapon(弓箭手村)	0.29%
Red Pria (紅宮衣)	HenesysGachapon(弓箭手村)	0.29%
Blue Pria (藍宮衣)	HenesysGachapon(弓箭手村)	0.29%
Green Pria (綠宮衣)	HenesysGachapon(弓箭手村)	0.29%
Dark Pria (黑宮衣)	HenesysGachapon(弓箭手村)	0.29%
Blue Wing Boots (藍飛翼鞋)	HenesysGachapon(弓箭手村)	0.29%
Red Wing Boots (紅飛翼鞋)	HenesysGachapon(弓箭手村)	0.29%
Green Wing Boots (綠飛翼鞋)	HenesysGachapon(弓箭手村)	0.29%
Dark Wing Boots (黑飛翼鞋)	HenesysGachapon(弓箭手村)	0.29%
Red Cordon (紅天使手套)	HenesysGachapon(弓箭手村)	0.29%
Blue Cordon (藍天使手套)	HenesysGachapon(弓箭手村)	0.29%
Green Cordon (綠天使手套)	HenesysGachapon(弓箭手村)	0.29%
Dark Cordon (黑天使手套)	HenesysGachapon(弓箭手村)	0.29%
Marine Arund (馬藍艾倫弓)	HenesysGachapon(弓箭手村)	0.29%
Fire Arund (火焰艾倫弓)	HenesysGachapon(弓箭手村)	0.29%
Golden Arund (黃金艾倫弓)	HenesysGachapon(弓箭手村)	0.29%
Dark Arund (黑色艾倫弓)	HenesysGachapon(弓箭手村)	0.29%
Marine Raven (滄海弩弓)	HenesysGachapon(弓箭手村)	0.29%
Fire Raven (炎帝弩弓)	HenesysGachapon(弓箭手村)	0.29%
Golden Raven (金天弩弓)	HenesysGachapon(弓箭手村)	0.29%
Dark Raven (黑暗弩弓)	HenesysGachapon(弓箭手村)	0.29%
Blue Patriot (藍司令帽)	HenesysGachapon(弓箭手村)	0.36%
Beige Patriot (黃司令帽)	HenesysGachapon(弓箭手村)	0.36%
Green Patriot (綠司令帽)	HenesysGachapon(弓箭手村)	0.36%
Dark Patriot (黑司令帽)	HenesysGachapon(弓箭手村)	0.36%
Blue Linnex (藍飄雲之衣)	HenesysGachapon(弓箭手村)	0.36%
Beige Linnex (黃飄雲之衣)	HenesysGachapon(弓箭手村)	0.36%
Green Linnex (綠飄雲之衣)	HenesysGachapon(弓箭手村)	0.36%
Dark Linnex (黑飄雲之衣)	HenesysGachapon(弓箭手村)	0.36%
Blue Lineros (藍飄雲之衣)	HenesysGachapon(弓箭手村)	0.36%
Beige Lineros (褐飄雲之衣)	HenesysGachapon(弓箭手村)	0.36%
Green Lineros (綠飄雲之衣)	HenesysGachapon(弓箭手村)	0.36%
Dark Lineros (黑飄雲之衣)	HenesysGachapon(弓箭手村)	0.36%
Blue Elf Shoes (藍箭魂鞋)	HenesysGachapon(弓箭手村)	0.36%
Baige Elf Shoes (黃箭魂鞋)	HenesysGachapon(弓箭手村)	0.36%
Green Elf Shoes (綠箭魂鞋)	HenesysGachapon(弓箭手村)	0.36%
Dark Elf Shoes (黑箭魂鞋)	HenesysGachapon(弓箭手村)	0.36%
Blue Eyes (藍神眼手套)	HenesysGachapon(弓箭手村)	0.36%
Gold Eyes (黃金神眼手套)	HenesysGachapon(弓箭手村)	0.36%
Dark Eyes (黑神眼手套)	HenesysGachapon(弓箭手村)	0.36%
Red Arrow for Bow (炎晶弓箭)	HenesysGachapon(弓箭手村)	0.36%
Blue Bolt for Crossbow	HenesysGachapon(弓箭手村)	0.36%
Red Hinkel (赤神弓)	HenesysGachapon(弓箭手村)	0.36%
Blue Hinkel (青神弓)	HenesysGachapon(弓箭手村)	0.36%
Golden Hinkel (黃神弓)	HenesysGachapon(弓箭手村)	0.36%
Gross Jaeger (破天弩弓)	HenesysGachapon(弓箭手村)	0.36%
Red Polyfeather Hat (赤弓羽)	HenesysGachapon(弓箭手村)	0.45%
Brown Polyfeather Hat (黃弓羽)	HenesysGachapon(弓箭手村)	0.45%
White Polyfeather Hat (白弓羽)	HenesysGachapon(弓箭手村)	0.45%
Black Polyfeather Hat (黑弓羽)	HenesysGachapon(弓箭手村)	0.45%
Orange Tai (朱旋風甲)	HenesysGachapon(弓箭手村)	0.45%
Blue Tai (青旋風甲)	HenesysGachapon(弓箭手村)	0.45%
Red Tai (赤旋風甲)	HenesysGachapon(弓箭手村)	0.45%
Red Choro (赤草露)	HenesysGachapon(弓箭手村)	0.45%
Blue Choro (藍草露)	HenesysGachapon(弓箭手村)	0.45%
Brown Choro (黃草露)	HenesysGachapon(弓箭手村)	0.45%
Red Gore Boots (紫花精鞋)	HenesysGachapon(弓箭手村)	0.45%
Blue Gore Boots (藍花精鞋)	HenesysGachapon(弓箭手村)	0.45%
Green Gore Boots (綠花精鞋)	HenesysGachapon(弓箭手村)	0.45%
Oaker Garner (黃神功手套)	HenesysGachapon(弓箭手村)	0.45%
Sephia Garner (赤神功手套)	HenesysGachapon(弓箭手村)	0.45%
Dark Garner (黑神功手套)	HenesysGachapon(弓箭手村)	0.45%
Asianic Bow (鳳凰之弓)	HenesysGachapon(弓箭手村)	0.45%
Golden Crow (黃金弩)	HenesysGachapon(弓箭手村)	0.45%
Blue Maro (藍貴族軟帽)	HenesysGachapon(弓箭手村)	0.57%
Red Maro (紅貴族軟帽)	HenesysGachapon(弓箭手村)	0.57%
Green Maro (綠貴族軟帽)	HenesysGachapon(弓箭手村)	0.57%
Black Maro (黑貴族軟帽)	HenesysGachapon(弓箭手村)	0.57%
Red-Lined Kismet (赤仙白宮)	HenesysGachapon(弓箭手村)	0.57%
Blue-Lined Kismet (青仙白宮)	HenesysGachapon(弓箭手村)	0.57%
Blue Lumati (藍貴族禮服)	HenesysGachapon(弓箭手村)	0.57%
Green Lumati (綠貴族禮服)	HenesysGachapon(弓箭手村)	0.57%
Red Lumati (紅貴族禮服)	HenesysGachapon(弓箭手村)	0.57%
Brown Steel-Tip Boots (褐弓手鞋)	HenesysGachapon(弓箭手村)	0.57%
Green Steel-Tip Boots (綠弓手鞋)	HenesysGachapon(弓箭手村)	0.57%
Blue Steel-Tip Boots (藍弓手鞋)	HenesysGachapon(弓箭手村)	0.57%
Purple Steel-Tip Boots (紫弓手鞋)	HenesysGachapon(弓箭手村)	0.57%
Dark Willow (黑意志手套)	HenesysGachapon(弓箭手村)	0.57%
Blue Willow (藍意志手套)	HenesysGachapon(弓箭手村)	0.57%
Red Willow (紅意志手套)	HenesysGachapon(弓箭手村)	0.57%
Steel Arrow for Bow (鋼鐵弓箭)	HenesysGachapon(弓箭手村)	0.57%
Steel Bolt for Crossbow	HenesysGachapon(弓箭手村)	0.57%
Olympus (天弓)	HenesysGachapon(弓箭手村)	0.57%
Rower (炎弩)	HenesysGachapon(弓箭手村)	0.57%
Silver Crow (白銀弩)	HenesysGachapon(弓箭手村)	0.72%
Red Distinction (紅羽絲絨帽)	HenesysGachapon(弓箭手村)	0.77%
Blue Distinction (藍羽絲絨帽)	HenesysGachapon(弓箭手村)	0.77%
Green Distinction (綠羽絲絨帽)	HenesysGachapon(弓箭手村)	0.77%
Brown Distinction (褐羽絲絨帽)	HenesysGachapon(弓箭手村)	0.77%
Dark Distinction (黑羽絲絨帽)	HenesysGachapon(弓箭手村)	0.77%
Brown Piette (褐貴族之服)	HenesysGachapon(弓箭手村)	0.77%
Dark Piette (黑貴族之服)	HenesysGachapon(弓箭手村)	0.77%
White Piette (白貴族之服)	HenesysGachapon(弓箭手村)	0.77%
White Piettra (白女貴族服)	HenesysGachapon(弓箭手村)	0.77%
Brown Piettra (褐女貴族服)	HenesysGachapon(弓箭手村)	0.77%
Dark Piettra (黑女貴族服)	HenesysGachapon(弓箭手村)	0.77%
Dark Piette Pants (黑貴族褲)	HenesysGachapon(弓箭手村)	0.77%
Brown Piette Pants (褐貴族褲)	HenesysGachapon(弓箭手村)	0.77%
Blue Piette Pants (藍貴族褲)	HenesysGachapon(弓箭手村)	0.77%
White Piettra Skirt (白貴族裙)	HenesysGachapon(弓箭手村)	0.77%
Brown Piettra Skirt (褐貴族裙)	HenesysGachapon(弓箭手村)	0.77%
Dark Piettra Skirt (黑貴族裙)	HenesysGachapon(弓箭手村)	0.77%
Red Pierre Shoes (紅精靈鞋)	HenesysGachapon(弓箭手村)	0.77%
Yellow Pierre Shoes (黃精靈鞋)	HenesysGachapon(弓箭手村)	0.77%
Brown Pierre Shoes (褐精靈鞋)	HenesysGachapon(弓箭手村)	0.77%
Blue Pierre Shoes (藍精靈鞋)	HenesysGachapon(弓箭手村)	0.77%
Aqua Brace (藍勇氣手套)	HenesysGachapon(弓箭手村)	0.77%
Gold Brace (黃金勇氣手套)	HenesysGachapon(弓箭手村)	0.77%
Dark Brace (黑勇氣手套)	HenesysGachapon(弓箭手村)	0.77%
Vaulter 2000 (暴風弓)	HenesysGachapon(弓箭手村)	0.77%
Heckler (雙弦弩)	HenesysGachapon(弓箭手村)	0.82%
Brown Pole-Feather Hat (褐羽翼三角帽)	HenesysGachapon(弓箭手村)	0.90%
Dark Pole-Feather Hat (黑羽翼三角帽)	HenesysGachapon(弓箭手村)	0.90%
Green Pole-Feather Hat (綠羽翼三角帽)	HenesysGachapon(弓箭手村)	0.90%
Blue Pole-Feather Hat (藍羽翼三角帽)	HenesysGachapon(弓箭手村)	0.90%
Red Pole-Feather Hat (紅羽翼三角帽)	HenesysGachapon(弓箭手村)	0.90%
Red Legolier (紅守護之服)	HenesysGachapon(弓箭手村)	0.90%
Blue Legolier (藍守護之服)	HenesysGachapon(弓箭手村)	0.90%
Green Legolier (綠守護之服)	HenesysGachapon(弓箭手村)	0.90%
Dark Legolier (黑守護之服)	HenesysGachapon(弓箭手村)	0.90%
Brown Legolier (褐守護之服)	HenesysGachapon(弓箭手村)	0.90%
Red Legolia (紅守護之服)	HenesysGachapon(弓箭手村)	0.90%
Blue Legolia (藍守護之服)	HenesysGachapon(弓箭手村)	0.90%
Green Legolia (綠守護之服)	HenesysGachapon(弓箭手村)	0.90%
Dark Legolia (黑守護之服)	HenesysGachapon(弓箭手村)	0.90%
Brown Legolia (褐守護之服)	HenesysGachapon(弓箭手村)	0.90%
Red Legolier Pants (紅守護之褲)	HenesysGachapon(弓箭手村)	0.90%
Blue Legolier Pants (藍守護之褲)	HenesysGachapon(弓箭手村)	0.90%
Green Legolier Pants (綠守護之褲)	HenesysGachapon(弓箭手村)	0.90%
Dark Legolier Pants (黑守護之褲)	HenesysGachapon(弓箭手村)	0.90%
Brown Legolier Pants (褐守護之褲)	HenesysGachapon(弓箭手村)	0.90%
Red Legolia Pants (紅守護褲)	HenesysGachapon(弓箭手村)	0.90%
Blue Legolia Pants (藍守護褲)	HenesysGachapon(弓箭手村)	0.90%
Green Legolia Pants (綠守護褲)	HenesysGachapon(弓箭手村)	0.90%
Dark Legolia Pants (黑守護褲)	HenesysGachapon(弓箭手村)	0.90%
Brown Legolia Pants (褐守護褲)	HenesysGachapon(弓箭手村)	0.90%
Blue Silky Boots (藍錦絲鞋)	HenesysGachapon(弓箭手村)	0.90%
Green Silky Boots (綠錦絲鞋)	HenesysGachapon(弓箭手村)	0.90%
Red Silky Boots (紅錦絲鞋)	HenesysGachapon(弓箭手村)	0.90%
Bronze Scaler (青銅名弓手套)	HenesysGachapon(弓箭手村)	0.90%
Mithril Scaler (鋰礦名弓手套)	HenesysGachapon(弓箭手村)	0.90%
Gold Scaler (黃金名弓手套)	HenesysGachapon(弓箭手村)	0.90%
Red Viper (火焰之弓)	HenesysGachapon(弓箭手村)	0.90%
Eagle Crow (鷹弩)	HenesysGachapon(弓箭手村)	1.01%
Green Snowshoes	HenesysGachapon(弓箭手村)	1.09%
Bronze Arrow for Bow (青銅弓箭)	HenesysGachapon(弓箭手村)	1.09%
Bronze Bolt for Crossbow	HenesysGachapon(弓箭手村)	1.09%
Green Varr Hat (綠色巴爾帽)	ElliniaGachapon(魔法森林)	0.21%
Blue Varr Hat	ElliniaGachapon(魔法森林)	0.21%
Red Varr Hat (紅色巴爾帽)	ElliniaGachapon(魔法森林)	0.21%
Dark Varr Hat (黑色巴爾帽)	ElliniaGachapon(魔法森林)	0.21%
Green Varr Shoes (綠色巴爾鞋)	ElliniaGachapon(魔法森林)	0.21%
Blue Varr Shoes (藍色巴爾鞋)	ElliniaGachapon(魔法森林)	0.21%
Red Varr Shoes (紅色巴爾鞋)	ElliniaGachapon(魔法森林)	0.21%
Dark Varr Shoes (黑色巴爾鞋)	ElliniaGachapon(魔法森林)	0.21%
Green Ciara (綠色希亞手套)	ElliniaGachapon(魔法森林)	0.21%
Blue Ciara (藍色希亞手套)	ElliniaGachapon(魔法森林)	0.21%
Red Ciara (紅色希亞手套)	ElliniaGachapon(魔法森林)	0.21%
Purple Ciara (紫色希亞手套)	ElliniaGachapon(魔法森林)	0.21%
Green Varuna (綠色羅赤裝)	ElliniaGachapon(魔法森林)	0.22%
Blue Varuna (藍色羅赤裝)	ElliniaGachapon(魔法森林)	0.22%
Red Varuna (紅色羅赤裝)	ElliniaGachapon(魔法森林)	0.22%
Dark Varuna (黑色羅赤裝)	ElliniaGachapon(魔法森林)	0.22%
Green Bazura (綠色拜爾裝)	ElliniaGachapon(魔法森林)	0.22%
Blue Bazura (藍色拜爾裝)	ElliniaGachapon(魔法森林)	0.22%
Red Bazura (紅色拜爾裝)	ElliniaGachapon(魔法森林)	0.22%
Dark Bazura (黑色拜爾裝)	ElliniaGachapon(魔法森林)	0.22%
Dimon Wand	ElliniaGachapon(魔法森林)	0.22%
Blue Marine	ElliniaGachapon(魔法森林)	0.23%
Green Oriental Fury Hat	ElliniaGachapon(魔法森林)	0.26%
Blue Oriental Fury Hat	ElliniaGachapon(魔法森林)	0.26%
Red Oriental Fury Hat (紅色綢緞帽)	ElliniaGachapon(魔法森林)	0.26%
Black Oriental Fury Hat (黑色綢緞帽)	ElliniaGachapon(魔法森林)	0.26%
Blue Neli Shoes (藍色艾倫鞋)	ElliniaGachapon(魔法森林)	0.26%
Green Neli Shoes (綠色艾倫鞋)	ElliniaGachapon(魔法森林)	0.26%
Red Neli Shoes (紅色艾倫鞋)	ElliniaGachapon(魔法森林)	0.26%
Dark Neli Shoes (黑色艾倫鞋)	ElliniaGachapon(魔法森林)	0.26%
Blue Sage (藍色貴族手套)	ElliniaGachapon(魔法森林)	0.26%
Green Sage (綠色貴族手套)	ElliniaGachapon(魔法森林)	0.26%
Red Sage (紅色貴族手套)	ElliniaGachapon(魔法森林)	0.26%
Dark Pachone (黑色貴族手套)	ElliniaGachapon(魔法森林)	0.26%
Green Oriental Fury Coat (綠綢緞長袍)	ElliniaGachapon(魔法森林)	0.27%
Blue Oriental Fury Coat (藍綢緞長袍)	ElliniaGachapon(魔法森林)	0.27%
Red Oriental Fury Coat (紅綢緞長袍)	ElliniaGachapon(魔法森林)	0.27%
Black Oriental Fury Coat (黑綢緞長袍)	ElliniaGachapon(魔法森林)	0.27%
Green Oriental Fury Coat (綠綢緞長袍)	ElliniaGachapon(魔法森林)	0.27%
Blue Oriental Fury Coat (藍綢緞長袍)	ElliniaGachapon(魔法森林)	0.27%
Red Oriental Fury Coat (紅綢緞長袍)	ElliniaGachapon(魔法森林)	0.27%
Black Oriental Fury Coat (黑綢緞長袍)	ElliniaGachapon(魔法森林)	0.27%
Magicodar (聖權杖)	ElliniaGachapon(魔法森林)	0.27%
Kage (魔靈之魂)	ElliniaGachapon(魔法森林)	0.28%
Green Galaxy (綠十字帽)	ElliniaGachapon(魔法森林)	0.31%
Blue Galaxy (藍十字帽)	ElliniaGachapon(魔法森林)	0.31%
Purple Galaxy (紫十字帽)	ElliniaGachapon(魔法森林)	0.31%
Dark Galaxy (黑十字帽)	ElliniaGachapon(魔法森林)	0.31%
Green Enigma Shoes (綠密林之鞋)	ElliniaGachapon(魔法森林)	0.31%
Purple Enigma Shoes (紫密林之鞋)	ElliniaGachapon(魔法森林)	0.31%
Dark Enigma Shoes (黑密林之鞋)	ElliniaGachapon(魔法森林)	0.31%
Green Clarity (魔力綠手套)	ElliniaGachapon(魔法森林)	0.31%
Blue Clarity (魔力藍手套)	ElliniaGachapon(魔法森林)	0.31%
Dark Clarity (魔力青手套)	ElliniaGachapon(魔法森林)	0.31%
Green Enigmatic (綠神仙之服)	ElliniaGachapon(魔法森林)	0.33%
Blue Enigmatic (藍神仙之服)	ElliniaGachapon(魔法森林)	0.33%
Dark Enigmatic (黑神仙之服)	ElliniaGachapon(魔法森林)	0.33%
Green Enigma (綠神仙之服)	ElliniaGachapon(魔法森林)	0.33%
Purple Enigma (紫神仙之服)	ElliniaGachapon(魔法森林)	0.33%
Dark Enigma (黑神仙之服)	ElliniaGachapon(魔法森林)	0.33%
Phoenix Wand (鳳凰短杖)	ElliniaGachapon(魔法森林)	0.33%
Dark Ritual (死靈法杖)	ElliniaGachapon(魔法森林)	0.35%
Red Infinium Circlet (紅神聖之冠)	ElliniaGachapon(魔法森林)	0.39%
Blue Infinium Circlet (藍神聖之冠)	ElliniaGachapon(魔法森林)	0.39%
Dark Infinium Circlet (黑神聖之冠)	ElliniaGachapon(魔法森林)	0.39%
Blue Lapiz Sandals (藍水晶涼鞋)	ElliniaGachapon(魔法森林)	0.39%
Red Lapiz Sandals (紅水晶涼鞋)	ElliniaGachapon(魔法森林)	0.39%
Brown Lapiz Sandals (褐水晶涼鞋)	ElliniaGachapon(魔法森林)	0.39%
Gold Lapiz Sandals (金水晶涼鞋)	ElliniaGachapon(魔法森林)	0.39%
Brown Lorin (褐戰魂手套)	ElliniaGachapon(魔法森林)	0.39%
Blue Lorin (藍戰魂手套)	ElliniaGachapon(魔法森林)	0.39%
Dark Lorin (黑戰魂手套)	ElliniaGachapon(魔法森林)	0.39%
Blue Requiem (藍天上之衣)	ElliniaGachapon(魔法森林)	0.41%
Red Requiem (紅天上之衣)	ElliniaGachapon(魔法森林)	0.41%
Brown Requiem (褐天上之衣)	ElliniaGachapon(魔法森林)	0.41%
Dark Requiem (黑天上之衣)	ElliniaGachapon(魔法森林)	0.41%
Blue Requierre (藍天上之衣)	ElliniaGachapon(魔法森林)	0.41%
Red Requierre (紅天上之衣)	ElliniaGachapon(魔法森林)	0.41%
Brown Requierre (褐天上之衣)	ElliniaGachapon(魔法森林)	0.41%
Dark Requierre (黑天上之衣)	ElliniaGachapon(魔法森林)	0.41%
Angel Wings (天使之翼)	ElliniaGachapon(魔法森林)	0.41%
Evil Wings (魔靈之翼)	ElliniaGachapon(魔法森林)	0.44%
Red Seraphis (紅和平之帽)	ElliniaGachapon(魔法森林)	0.49%
Blue Seraphis (藍和平之帽)	ElliniaGachapon(魔法森林)	0.49%
Green Seraphis (綠和平之帽)	ElliniaGachapon(魔法森林)	0.49%
White Seraphis (白和平之帽)	ElliniaGachapon(魔法森林)	0.49%
Dark Seraphis (黑和平之帽)	ElliniaGachapon(魔法森林)	0.49%
Pink Goldrunners (粉紅天使鞋)	ElliniaGachapon(魔法森林)	0.49%
Green Goldrunners (綠天使鞋)	ElliniaGachapon(魔法森林)	0.49%
Orange Goldrunners (黃天使鞋)	ElliniaGachapon(魔法森林)	0.49%
Blue Goldrunners (藍天使鞋)	ElliniaGachapon(魔法森林)	0.49%
Steel Manute (鋼鐵封印手套)	ElliniaGachapon(魔法森林)	0.49%
Gold Manute (黃金封印手套)	ElliniaGachapon(魔法森林)	0.49%
Dark Manute (黑封印手套)	ElliniaGachapon(魔法森林)	0.49%
Hinomaru Fan (日本扇)	ElliniaGachapon(魔法森林)	0.49%
Blue Anakamoon (藍神聖服)	ElliniaGachapon(魔法森林)	0.51%
Red Anakamoon (紅神聖服)	ElliniaGachapon(魔法森林)	0.51%
White Anakamoon (白神聖服)	ElliniaGachapon(魔法森林)	0.51%
Dark Anakamoon (黑神聖服)	ElliniaGachapon(魔法森林)	0.51%
Blue Anakarune (藍聖黨之服)	ElliniaGachapon(魔法森林)	0.51%
Red Anakarune (紅聖黨之服)	ElliniaGachapon(魔法森林)	0.51%
White Anakarune (白聖黨之服)	ElliniaGachapon(魔法森林)	0.51%
Dark Anakarune (黑聖黨之服)	ElliniaGachapon(魔法森林)	0.51%
Evil Tale (火焰之杖)	ElliniaGachapon(魔法森林)	0.51%
Thorns (白龍之杖)	ElliniaGachapon(魔法森林)	0.55%
Mystic Cane	ElliniaGachapon(魔法森林)	0.61%
Flame Golden Circlet (火黃金法冠)	ElliniaGachapon(魔法森林)	0.63%
Aqua Golden Circlet (水黃金法冠)	ElliniaGachapon(魔法森林)	0.63%
Orange Golden Circlet (土黃金法冠)	ElliniaGachapon(魔法森林)	0.63%
Dark Golden Circlet (黑黃金法冠)	ElliniaGachapon(魔法森林)	0.63%
Pink Goldwind Shoes (粉紅黃金風)	ElliniaGachapon(魔法森林)	0.63%
Blue Goldwind Shoes (藍黃金風)	ElliniaGachapon(魔法森林)	0.63%
Purple Goldwind Shoes (紫黃金風)	ElliniaGachapon(魔法森林)	0.63%
Green Goldwind Shoes (綠黃金風)	ElliniaGachapon(魔法森林)	0.63%
Dark Penance (黑元素手套)	ElliniaGachapon(魔法森林)	0.63%
Red Pennance (紅元素手套)	ElliniaGachapon(魔法森林)	0.63%
Blue Pennance (藍元素手套)	ElliniaGachapon(魔法森林)	0.63%
Blue Calas (藍魔法戰士衣)	ElliniaGachapon(魔法森林)	0.66%
Red Calas (紅魔法戰士衣)	ElliniaGachapon(魔法森林)	0.66%
Orange Calas (朱紅魔法戰士衣)	ElliniaGachapon(魔法森林)	0.66%
White Calas (白魔法戰士衣)	ElliniaGachapon(魔法森林)	0.66%
Dark Calas (黑魔法戰士衣)	ElliniaGachapon(魔法森林)	0.66%
Dark Calaf (黑妖精禮服)	ElliniaGachapon(魔法森林)	0.66%
White Calaf (白妖精禮服)	ElliniaGachapon(魔法森林)	0.66%
Blue Calaf (藍妖精禮服)	ElliniaGachapon(魔法森林)	0.66%
Red Calaf (紅妖精禮服)	ElliniaGachapon(魔法森林)	0.66%
Orange Calaf (朱紅妖精禮服)	ElliniaGachapon(魔法森林)	0.66%
Cromi (大魔法師短杖)	ElliniaGachapon(魔法森林)	0.66%
Arc Staff (精靈長杖)	ElliniaGachapon(魔法森林)	0.72%
Brown Guiltian (褐魔道之帽)	ElliniaGachapon(魔法森林)	0.84%
Blue Guiltian (藍魔道之帽)	ElliniaGachapon(魔法森林)	0.84%
Red Guiltian (紅魔道之帽)	ElliniaGachapon(魔法森林)	0.84%
Dark Guiltian (黑魔道之帽)	ElliniaGachapon(魔法森林)	0.84%
White Guiltian (白魔道之帽)	ElliniaGachapon(魔法森林)	0.84%
Red Moon Shoes (紅月鞋)	ElliniaGachapon(魔法森林)	0.84%
Blue Moon Shoes (藍月鞋)	ElliniaGachapon(魔法森林)	0.84%
Gold Moon Shoes (黃月鞋)	ElliniaGachapon(魔法森林)	0.84%
Dark Moon Shoes (黑月鞋)	ElliniaGachapon(魔法森林)	0.84%
Red Arten (紅精靈手套)	ElliniaGachapon(魔法森林)	0.84%
Blue Arten (藍精靈手套)	ElliniaGachapon(魔法森林)	0.84%
Dark Arten (黑精靈手套)	ElliniaGachapon(魔法森林)	0.84%
Hall Staff (護法之杖)	ElliniaGachapon(魔法森林)	0.84%
Brown Starlight (褐星光長袍)	ElliniaGachapon(魔法森林)	0.89%
Red Starlight (紅星光長袍)	ElliniaGachapon(魔法森林)	0.89%
Green Starlight (綠星光長袍)	ElliniaGachapon(魔法森林)	0.89%
Blue Starlight (藍星光長袍)	ElliniaGachapon(魔法森林)	0.89%
Dark Starlight (黑星光長袍)	ElliniaGachapon(魔法森林)	0.89%
Purple Moonlight (紫色月光服)	ElliniaGachapon(魔法森林)	0.89%
Red Moonlight (紅色月光服)	ElliniaGachapon(魔法森林)	0.89%
Blue Moonlight (藍色月光服)	ElliniaGachapon(魔法森林)	0.89%
Dark Moonlight (黑色月光服)	ElliniaGachapon(魔法森林)	0.89%
Brown Moonlight (褐色月光服)	ElliniaGachapon(魔法森林)	0.89%
Fairy Wand (妖精短杖)	ElliniaGachapon(魔法森林)	0.89%
Crystal Wand (水晶短杖)	ElliniaGachapon(魔法森林)	0.89%
Red Matty (紅星魔法帽)	ElliniaGachapon(魔法森林)	0.99%
Blue Matty (藍星魔法帽)	ElliniaGachapon(魔法森林)	0.99%
Green Matty (綠星魔法帽)	ElliniaGachapon(魔法森林)	0.99%
Brown Matty (褐星魔法帽)	ElliniaGachapon(魔法森林)	0.99%
Dark Matty (黑星魔法帽)	ElliniaGachapon(魔法森林)	0.99%
Purple Salt Shoes (紫守護鞋)	ElliniaGachapon(魔法森林)	0.99%
Red Salt Shoes (紅守護鞋)	ElliniaGachapon(魔法森林)	0.99%
Black Salt Shoes (黑守護鞋)	ElliniaGachapon(魔法森林)	0.99%
Red Noel (紅神聖手套)	ElliniaGachapon(魔法森林)	0.99%
Blue Noel (藍神聖手套)	ElliniaGachapon(魔法森林)	0.99%
Dark Noel (黑神聖手套)	ElliniaGachapon(魔法森林)	0.99%
Petal Staff (翡赤之杖)	ElliniaGachapon(魔法森林)	0.99%
Red Amoria Top (紅神聖法衣)	ElliniaGachapon(魔法森林)	1.06%
Blue Amoria Top (藍神聖法衣)	ElliniaGachapon(魔法森林)	1.06%
Black Amoria Top (黑神聖法衣)	ElliniaGachapon(魔法森林)	1.06%
Blood Chaos Robe (紅魔力長袍)	ElliniaGachapon(魔法森林)	1.06%
Dark Chaos Robe (黑魔力長袍)	ElliniaGachapon(魔法森林)	1.06%
Blue Chaos Robe (藍魔力長袍)	ElliniaGachapon(魔法森林)	1.06%
White Chaos Robe (白魔力長袍)	ElliniaGachapon(魔法森林)	1.06%
Red Amoria Skirt (紅神聖裙)	ElliniaGachapon(魔法森林)	1.06%
Blue Amoria Skirt (藍神聖裙)	ElliniaGachapon(魔法森林)	1.06%
Black Amoria Skirt (黑神聖裙)	ElliniaGachapon(魔法森林)	1.06%
Esther Shield (鑽石護盾)	ElliniaGachapon(魔法森林)	1.06%
Wizard Wand (法師短杖)	ElliniaGachapon(魔法森林)	1.06%
Blue Snowshoes	ElliniaGachapon(魔法森林)	1.19%
Mystic Shield (神祕護盾)	ElliniaGachapon(魔法森林)	1.19%
Eviscerator (月靈戟)	PerionGachapon(勇士之村)	0.10%
Green Valhalla Helmet (綠色尼爾哲頭盔)	PerionGachapon(勇士之村)	0.15%
Blue Valhalla Helmet (藍色尼爾哲頭盔)	PerionGachapon(勇士之村)	0.15%
Dark Valhalla Helmet (黑色尼爾哲頭盔)	PerionGachapon(勇士之村)	0.15%
Shadow Knight Hat	PerionGachapon(勇士之村)	0.15%
Green Neos (綠色涅奧斯盔甲)	PerionGachapon(勇士之村)	0.15%
Blue Neos (藍色涅奧斯盔甲)	PerionGachapon(勇士之村)	0.15%
Black Neos (黑色涅奧斯盔甲)	PerionGachapon(勇士之村)	0.15%
Green Lucida (綠色厄索爾盔甲)	PerionGachapon(勇士之村)	0.15%
Purple Lucida	PerionGachapon(勇士之村)	0.15%
Dark Lucida (黑色厄索爾盔甲)	PerionGachapon(勇士之村)	0.15%
Green Neos Pants (綠色涅奧斯長褲)	PerionGachapon(勇士之村)	0.15%
Blue Neos Pants	PerionGachapon(勇士之村)	0.15%
Black Neos Pants (黑色涅奧斯長褲)	PerionGachapon(勇士之村)	0.15%
Green Lucida Skirt (綠色厄索爾裙子)	PerionGachapon(勇士之村)	0.15%
Purple Lucida Skirt	PerionGachapon(勇士之村)	0.15%
Dark Lucida Skirt (黑色厄索爾裙子)	PerionGachapon(勇士之村)	0.15%
Green Crescent Boots (綠色新月型長靴)	PerionGachapon(勇士之村)	0.15%
Blue Crescent Boots (藍色新月型長靴)	PerionGachapon(勇士之村)	0.15%
Dark Crescent Boots (黑色新月型長靴)	PerionGachapon(勇士之村)	0.15%
Green Korben (綠色凱蘭特手套)	PerionGachapon(勇士之村)	0.15%
Blue Korben (藍色凱蘭特手套)	PerionGachapon(勇士之村)	0.15%
Dark Korben (黑色凱蘭特手套)	PerionGachapon(勇士之村)	0.15%
Green Hoflon (綠色斯巴達盾)	PerionGachapon(勇士之村)	0.15%
Violet Hoflon	PerionGachapon(勇士之村)	0.15%
Blue Hoflon	PerionGachapon(勇士之村)	0.15%
Sparta (無極劍)	PerionGachapon(勇士之村)	0.15%
Tomahawk (印第安戰斧)	PerionGachapon(勇士之村)	0.15%
Battle Hammer (海克力斯之錘)	PerionGachapon(勇士之村)	0.15%
The Beheader (赤焰刀)	PerionGachapon(勇士之村)	0.15%
Tavar (雷神大斧)	PerionGachapon(勇士之村)	0.15%
Golden Smith Hammer (神匠之錘)	PerionGachapon(勇士之村)	0.15%
Pinaka (火尖槍)	PerionGachapon(勇士之村)	0.15%
Zedbug (阿基里斯斧矛)	PerionGachapon(勇士之村)	0.15%
Green Grace Helmet (綠色格萊西頭盔)	PerionGachapon(勇士之村)	0.19%
Blue Grace Helmet (藍色格萊西頭盔)	PerionGachapon(勇士之村)	0.19%
Red Grace Helmet (紅色格萊西頭盔)	PerionGachapon(勇士之村)	0.19%
Silver Grace Helmet (銀色格萊西頭盔)	PerionGachapon(勇士之村)	0.19%
Dark Grace Helmet (黑色格萊西頭盔)	PerionGachapon(勇士之村)	0.19%
Green Commodore (綠色崇高服)	PerionGachapon(勇士之村)	0.19%
Blue Commodore (藍色崇高服)	PerionGachapon(勇士之村)	0.19%
Dark Commodore (黑色崇高服)	PerionGachapon(勇士之村)	0.19%
Green Valkyrie (綠貴族鎧甲)	PerionGachapon(勇士之村)	0.19%
Purple Valkyrie (紫貴族鎧甲)	PerionGachapon(勇士之村)	0.19%
Dark Valkyrie (黑貴族鎧甲)	PerionGachapon(勇士之村)	0.19%
Green Commodore Pants (綠色強化褲)	PerionGachapon(勇士之村)	0.19%
Blue Commodore Pants (藍色強化褲)	PerionGachapon(勇士之村)	0.19%
Dark Commodore Pants (黑色強化褲)	PerionGachapon(勇士之村)	0.19%
Green Valkyrie Skirt (綠色虎雲裙)	PerionGachapon(勇士之村)	0.19%
Purple Valkyrie Skirt (粉色虎雲裙)	PerionGachapon(勇士之村)	0.19%
Blood Valkyrie Skirt (紅色虎雲裙)	PerionGachapon(勇士之村)	0.19%
Emerald War Greave (黃鱗甲靴)	PerionGachapon(勇士之村)	0.19%
Orihalcon War Greave (紫鱗甲靴)	PerionGachapon(勇士之村)	0.19%
Dark War Greave (銀鱗甲靴)	PerionGachapon(勇士之村)	0.19%
Green Imperial (綠色費洛奇拳頭)	PerionGachapon(勇士之村)	0.19%
Purple Imperial (紫色費洛奇拳頭)	PerionGachapon(勇士之村)	0.19%
Dark Imperial (黑色費洛奇拳頭)	PerionGachapon(勇士之村)	0.19%
Bronze Kalkan (青銅圓盾)	PerionGachapon(勇士之村)	0.19%
Silver Kalkan (銀圓盾)	PerionGachapon(勇士之村)	0.19%
Gold Kalkan (金圓盾)	PerionGachapon(勇士之村)	0.19%
Fraute (坲羅劍)	PerionGachapon(勇士之村)	0.19%
Vifennis (雙利刃斧)	PerionGachapon(勇士之村)	0.19%
Ruin Hammer (毀滅之鎚)	PerionGachapon(勇士之村)	0.19%
Berzerker (斬魔刀)	PerionGachapon(勇士之村)	0.19%
Devil's Sunrise (雙手鐳劍)	PerionGachapon(勇士之村)	0.19%
Colonian Axe (格洛斧)	PerionGachapon(勇士之村)	0.19%
Leomite (鐳奧釘錘)	PerionGachapon(勇士之村)	0.19%
Fairfrozen (佛羅利刃)	PerionGachapon(勇士之村)	0.19%
Hellslayer (飛翔斧)	PerionGachapon(勇士之村)	0.19%
Red Dragon Babuta (赤龍頭盔)	PerionGachapon(勇士之村)	0.23%
Blue Dragon Babuta (藍龍頭盔)	PerionGachapon(勇士之村)	0.23%
Dark Dragon Babuta (黑龍頭盔)	PerionGachapon(勇士之村)	0.23%
Green Battle Road (綠白銀鎧甲)	PerionGachapon(勇士之村)	0.23%
Red Battle Road (紅白銀鎧甲)	PerionGachapon(勇士之村)	0.23%
Blue Battle Road (藍白銀鎧甲)	PerionGachapon(勇士之村)	0.23%
Dark Battle Road (黑白銀鎧甲)	PerionGachapon(勇士之村)	0.23%
Yellow Battle Empress (黃白銀鎧甲)	PerionGachapon(勇士之村)	0.23%
Red Battle Empress (紅白銀鎧甲)	PerionGachapon(勇士之村)	0.23%
Blue Battle Empress (藍白銀鎧甲)	PerionGachapon(勇士之村)	0.23%
Dark Battle Empress (黑白銀鎧甲)	PerionGachapon(勇士之村)	0.23%
Red Rivers Boots (紅色水晶靴)	PerionGachapon(勇士之村)	0.23%
Blue Rivers Boots (藍色水晶靴)	PerionGachapon(勇士之村)	0.23%
Dark Rivers Boots (黑色水晶靴)	PerionGachapon(勇士之村)	0.23%
Sapphire Emperor (馬爾斯藍拳套)	PerionGachapon(勇士之村)	0.23%
Emerald Emperor (馬爾斯綠拳套)	PerionGachapon(勇士之村)	0.23%
Blood Emperor (馬爾斯紅拳套)	PerionGachapon(勇士之村)	0.23%
Dark Emperor (馬爾斯黑拳套)	PerionGachapon(勇士之村)	0.23%
Steel Aquila Shield (青銅尖刺護盾)	PerionGachapon(勇士之村)	0.23%
Silver Aquila Shield (銀尖刺護盾)	PerionGachapon(勇士之村)	0.23%
Gold Aquila Shield (金尖刺護盾)	PerionGachapon(勇士之村)	0.23%
Khan (湯勺)	PerionGachapon(勇士之村)	0.23%
Gaea (花靈之斧)	PerionGachapon(勇士之村)	0.23%
Heaven's Justice (釘頭錘)	PerionGachapon(勇士之村)	0.23%
Blue Screamer (青雲劍)	PerionGachapon(勇士之村)	0.23%
Heaven's Gate (亞歷山大之劍)	PerionGachapon(勇士之村)	0.23%
Helios (大力神之斧)	PerionGachapon(勇士之村)	0.23%
The Morningstar (雷神之錘)	PerionGachapon(勇士之村)	0.23%
Omega Spear (奧丁手戟)	PerionGachapon(勇士之村)	0.23%
Eclipse (月神刀)	PerionGachapon(勇士之村)	0.23%
Bent Judgement (黃金暴風錘)	PerionGachapon(勇士之村)	0.25%
Silver Planet (銀製戰盔)	PerionGachapon(勇士之村)	0.28%
Bronze Planet (青銅戰盔)	PerionGachapon(勇士之村)	0.28%
Mithril Planet (鋰礦戰盔)	PerionGachapon(勇士之村)	0.28%
Bronze Platine (青銅暴風甲)	PerionGachapon(勇士之村)	0.28%
Mithril Platine (鋰礦暴風甲)	PerionGachapon(勇士之村)	0.28%
Orihalcon Platine (紫礦暴風甲)	PerionGachapon(勇士之村)	0.28%
Aqua Platina (藍暴風甲)	PerionGachapon(勇士之村)	0.28%
Violet Platina (紫暴風甲)	PerionGachapon(勇士之村)	0.28%
Bloody Platina (紅暴風甲)	PerionGachapon(勇士之村)	0.28%
Bronze Platine Pants (青銅暴風褲)	PerionGachapon(勇士之村)	0.28%
Mithril Platine Pants (鋰礦暴風褲)	PerionGachapon(勇士之村)	0.28%
Orihalcon Platine Pants (紫礦暴風褲)	PerionGachapon(勇士之村)	0.28%
Aqua Platina Pants (藍暴風褲)	PerionGachapon(勇士之村)	0.28%
Violet Platina Pants (紫暴風褲)	PerionGachapon(勇士之村)	0.28%
Blood Platina Pants (紅暴風褲)	PerionGachapon(勇士之村)	0.28%
Blue Carzen Boots (藍飛魂鞋)	PerionGachapon(勇士之村)	0.28%
Purple Carzen Boots (紫飛魂鞋)	PerionGachapon(勇士之村)	0.28%
Dark Carzen Boots (黑飛魂鞋)	PerionGachapon(勇士之村)	0.28%
Bronze Husk (青銅暗影手套)	PerionGachapon(勇士之村)	0.28%
Mithril Husk (鋰礦暗影手套)	PerionGachapon(勇士之村)	0.28%
Dark Husk (黑暗影手套)	PerionGachapon(勇士之村)	0.28%
Steel Ancient Shield (鋼鐵古盾牌)	PerionGachapon(勇士之村)	0.28%
Silver Ancient Shield (銀古盾牌)	PerionGachapon(勇士之村)	0.28%
Gold Ancient Shield (黃金古盾牌)	PerionGachapon(勇士之村)	0.28%
Red Katana (火焰刀)	PerionGachapon(勇士之村)	0.28%
Mikhail (黃金斧)	PerionGachapon(勇士之村)	0.28%
The Judgement (暴風錘)	PerionGachapon(勇士之村)	0.28%
Doombringer (霸王劍)	PerionGachapon(勇士之村)	0.28%
Chrono (雷電斧)	PerionGachapon(勇士之村)	0.28%
Gigantic Sledge (封魂之錘)	PerionGachapon(勇士之村)	0.28%
Redemption (銀龍槍)	PerionGachapon(勇士之村)	0.28%
The Gold Dragon (黃龍刀)	PerionGachapon(勇士之村)	0.28%
Red Oriental Helmet (將軍的紅頭盔)	PerionGachapon(勇士之村)	0.35%
Blue Oriental Helmet (將軍青頭盔)	PerionGachapon(勇士之村)	0.35%
Green Orientican (綠鋼玉鎧甲)	PerionGachapon(勇士之村)	0.35%
Red Orientican (紅鋼玉鎧甲)	PerionGachapon(勇士之村)	0.35%
Blue Orientican (藍鋼玉鎧甲)	PerionGachapon(勇士之村)	0.35%
Dark Orientican (黑鋼玉鎧甲)	PerionGachapon(勇士之村)	0.35%
Green Ice Queen (綠鋼玉鎧甲)	PerionGachapon(勇士之村)	0.35%
Red Ice Queen (紅鋼玉鎧甲)	PerionGachapon(勇士之村)	0.35%
Blue Ice Queen (藍鋼玉鎧甲)	PerionGachapon(勇士之村)	0.35%
Green Orientican Pants (綠鋼玉褲)	PerionGachapon(勇士之村)	0.35%
Red Orientican Pants (紅鋼玉褲)	PerionGachapon(勇士之村)	0.35%
Blue Orientican Pants (藍鋼玉褲)	PerionGachapon(勇士之村)	0.35%
Dark Orientican Pants (黑鋼玉褲)	PerionGachapon(勇士之村)	0.35%
Green Ice Queen Skirt (綠鋼玉裙)	PerionGachapon(勇士之村)	0.35%
Red Ice Queen Skirt (紅鋼玉裙)	PerionGachapon(勇士之村)	0.35%
Blue Ice Queen Skirt (藍鋼玉裙)	PerionGachapon(勇士之村)	0.35%
Sapphire Camel Boots (藍十字鞋)	PerionGachapon(勇士之村)	0.35%
Orihalcon Camel Boots (紫十字鞋)	PerionGachapon(勇士之村)	0.35%
Blood Camel Boots (紅十字鞋)	PerionGachapon(勇士之村)	0.35%
Bronze Clench (青銅戰鬥手套)	PerionGachapon(勇士之村)	0.35%
Sapphire Clench (藍戰鬥手套)	PerionGachapon(勇士之村)	0.35%
Dark Clench (黑戰鬥手套)	PerionGachapon(勇士之村)	0.35%
Wooden Legend Shield (古老木盾)	PerionGachapon(勇士之村)	0.35%
Silver Legend Shield (古老銀盾)	PerionGachapon(勇士之村)	0.35%
Adamantium Legend Shield (古老朱礦盾)	PerionGachapon(勇士之村)	0.35%
Neocora (奇型刀)	PerionGachapon(勇士之村)	0.35%
Hawkhead (猛禽斧)	PerionGachapon(勇士之村)	0.35%
Tamus (巨型錘)	PerionGachapon(勇士之村)	0.35%
Sparta (無極劍)	PerionGachapon(勇士之村)	0.35%
The Shining (光明斧)	PerionGachapon(勇士之村)	0.35%
The Blessing (妖精之錘)	PerionGachapon(勇士之村)	0.35%
Holy Spear (十字槍)	PerionGachapon(勇士之村)	0.35%
Skylar (方天戟)	PerionGachapon(勇士之村)	0.35%
Old Steel Nordic Helm (舊諾曼頭盔)	PerionGachapon(勇士之村)	0.40%
Old Bronze Nordic Helm (舊青銅諾曼頭盔)	PerionGachapon(勇士之村)	0.40%
Old Mithril Nordic Helm (舊鋰礦諾曼頭盔)	PerionGachapon(勇士之村)	0.40%
Silver Crusader Helm (銀製十字軍帽子)	PerionGachapon(勇士之村)	0.46%
Mithril Crusader Helm (鋰礦十字軍帽)	PerionGachapon(勇士之村)	0.46%
Bronze Crusader Helm (青銅十字軍帽)	PerionGachapon(勇士之村)	0.46%
Blue Shouldermail (藍板金鎧甲)	PerionGachapon(勇士之村)	0.46%
Oaker Shouldermail (褐板金鎧甲)	PerionGachapon(勇士之村)	0.46%
Umber Shouldermail (黑板金鎧甲)	PerionGachapon(勇士之村)	0.46%
Red Shouldermail (紅將軍鎧甲)	PerionGachapon(勇士之村)	0.46%
Ivory Shouldermail (褐將軍鎧甲)	PerionGachapon(勇士之村)	0.46%
Dark Shouldermail (黑將軍鎧甲)	PerionGachapon(勇士之村)	0.46%
Blue Shouldermail Pants (藍板金褲)	PerionGachapon(勇士之村)	0.46%
Oaker Shouldermail Pants (褐板金褲)	PerionGachapon(勇士之村)	0.46%
Umber Shouldermail Pants (黑板金褲)	PerionGachapon(勇士之村)	0.46%
Red Shouldermail Pants (紅將軍褲)	PerionGachapon(勇士之村)	0.46%
Ivory Shouldermail Pants (褐將軍褲)	PerionGachapon(勇士之村)	0.46%
Dark Shouldermail Pants (黑將軍褲)	PerionGachapon(勇士之村)	0.46%
Emerald Hildon Boots (祖母綠將軍靴)	PerionGachapon(勇士之村)	0.46%
Mithril Hildon Boots (鋰礦藍將軍靴)	PerionGachapon(勇士之村)	0.46%
Orihalcon Hildon Boots (紫礦將軍靴)	PerionGachapon(勇士之村)	0.46%
Gold Hildon Boots (黃金將軍靴)	PerionGachapon(勇士之村)	0.46%
Steel Brist (鋼鐵合金手套)	PerionGachapon(勇士之村)	0.46%
Mithril Brist (鋰礦合金手套)	PerionGachapon(勇士之村)	0.46%
Gold Brist (黃金合金手套)	PerionGachapon(勇士之村)	0.46%
Skull Shield (骷髏盾)	PerionGachapon(勇士之村)	0.46%
Jeweled Katar (樹靈之劍)	PerionGachapon(勇士之村)	0.46%
Buck (樹靈之斧)	PerionGachapon(勇士之村)	0.46%
Knuckle Mace (旋風錘)	PerionGachapon(勇士之村)	0.46%
Lion's Fang (虎劍)	PerionGachapon(勇士之村)	0.46%
The Rising (太陽之斧)	PerionGachapon(勇士之村)	0.46%
Golden Mole (黃金錘)	PerionGachapon(勇士之村)	0.46%
Serpent's Tongue (丈八蛇矛)	PerionGachapon(勇士之村)	0.46%
The Nine Dragons (九龍刀)	PerionGachapon(勇士之村)	0.46%
Emerald Dome (祖母綠武士頭盔)	PerionGachapon(勇士之村)	0.49%
Dark Dome	PerionGachapon(勇士之村)	0.49%
Hero's Gladius	PerionGachapon(勇士之村)	0.52%
Nameless Sword	PerionGachapon(勇士之村)	0.52%
Blue Bone Helm (藍色骷髏頭盔)	PerionGachapon(勇士之村)	0.57%
Red Bone Helm	PerionGachapon(勇士之村)	0.57%
Steel Nordic Helm (諾曼頭盔)	PerionGachapon(勇士之村)	0.61%
Red Duke (紅色武士頭盔)	PerionGachapon(勇士之村)	0.61%
Yellow Duke (黃鐵頭盔)	PerionGachapon(勇士之村)	0.61%
Blue Duke (藍鐵頭盔)	PerionGachapon(勇士之村)	0.61%
Gold Nordic Helm (黃金諾曼頭盔)	PerionGachapon(勇士之村)	0.61%
Mithril Nordic Helm (鋰礦諾曼頭盔)	PerionGachapon(勇士之村)	0.61%
Yellow Jangoon Armor (黃金鎧甲)	PerionGachapon(勇士之村)	0.61%
Maroon Jangoon Armor (紫金鎧甲)	PerionGachapon(勇士之村)	0.61%
Blue Jangoon Armor (青金鎧甲)	PerionGachapon(勇士之村)	0.61%
Red Jangoon Armor (紅鎮月鎧甲)	PerionGachapon(勇士之村)	0.61%
Brown Jangoon Armor (黃鎮月鎧甲)	PerionGachapon(勇士之村)	0.61%
Black Jangoon Armor (黑鎮月鎧甲)	PerionGachapon(勇士之村)	0.61%
Black Jangoon Pants (黑金褲)	PerionGachapon(勇士之村)	0.61%
White Jangoon Pants (白金褲)	PerionGachapon(勇士之村)	0.61%
Brown Jangoon Pants (黃金褲)	PerionGachapon(勇士之村)	0.61%
Red Jangoon Skirt (紅鎮月裙)	PerionGachapon(勇士之村)	0.61%
Brown Jangoon Skirt (黃鎮月裙)	PerionGachapon(勇士之村)	0.61%
Black Jangoon Skirt (黑鎮月裙)	PerionGachapon(勇士之村)	0.61%
Brown Jangoon Shoes (黃金月長靴)	PerionGachapon(勇士之村)	0.61%
Maroon Jangoon Shoes (紫金月鞋)	PerionGachapon(勇士之村)	0.61%
Blue Jangoon Shoes (藍金月鞋)	PerionGachapon(勇士之村)	0.61%
Iron Knuckle (鋼鐵長手套)	PerionGachapon(勇士之村)	0.61%
Adamantium Knuckle (朱礦長手套)	PerionGachapon(勇士之村)	0.61%
Dark Knuckle (黑色長手套)	PerionGachapon(勇士之村)	0.61%
Steel Tower Shield (鋼鐵方盾)	PerionGachapon(勇士之村)	0.61%
Mithril Tower Shield (鋰礦方盾)	PerionGachapon(勇士之村)	0.61%
Adamantium Tower Shield (朱礦方盾)	PerionGachapon(勇士之村)	0.61%
Traus (黃沙之劍)	PerionGachapon(勇士之村)	0.61%
Blue Counter (青光斧)	PerionGachapon(勇士之村)	0.61%
Jacker (古代錘)	PerionGachapon(勇士之村)	0.61%
Zard (半月巨刀)	PerionGachapon(勇士之村)	0.61%
Sabretooth (格鬥斧)	PerionGachapon(勇士之村)	0.61%
Titan (巨人錘)	PerionGachapon(勇士之村)	0.61%
Zeco (雙天戟)	PerionGachapon(勇士之村)	0.61%
Crescent Polearm (月牙戟)	PerionGachapon(勇士之村)	0.61%
Great Brown Helmet (褐色戰鬥頭盔)	PerionGachapon(勇士之村)	0.72%
Great Red Helmet (紅色戰鬥頭盔)	PerionGachapon(勇士之村)	0.72%
Great Blue Helmet (藍色戰鬥頭盔)	PerionGachapon(勇士之村)	0.72%
Blue Dragon (青龍衣)	PerionGachapon(勇士之村)	0.72%
Gold Dragon (金龍衣)	PerionGachapon(勇士之村)	0.72%
White Crusader Chainmail (白十字鎖子甲)	PerionGachapon(勇士之村)	0.72%
Blue Crusader Chainmail (藍十字鎖子甲)	PerionGachapon(勇士之村)	0.72%
Dark Crusader Chainmail (黑十字鎖子甲)	PerionGachapon(勇士之村)	0.72%
Emerald Fitted Mail (祖母綠鎧甲)	PerionGachapon(勇士之村)	0.72%
Sapphire Fitted Mail (藍寶石鎧甲)	PerionGachapon(勇士之村)	0.72%
Blood Fitted Mail (赤紅鎧甲)	PerionGachapon(勇士之村)	0.72%
Silver Fitted Mail (銀制鎧甲)	PerionGachapon(勇士之村)	0.72%
White Martial Arts Shorts (半白武褲)	PerionGachapon(勇士之村)	0.72%
Steel Trigger (鐵頭皮鞋)	PerionGachapon(勇士之村)	0.72%
Mithril Trigger (藍鐵頭鞋)	PerionGachapon(勇士之村)	0.72%
Dark Trigger (黑鐵頭鞋)	PerionGachapon(勇士之村)	0.72%
Steel Briggon (鐵製輕便手套)	PerionGachapon(勇士之村)	0.72%
Yellow Briggon (黃輕便手套)	PerionGachapon(勇士之村)	0.72%
Dark Briggon (黑輕便手套)	PerionGachapon(勇士之村)	0.72%
Battle Shield (戰鬥盾牌)	PerionGachapon(勇士之村)	0.72%
Cutlus (彎刀)	PerionGachapon(勇士之村)	0.72%
Dankke (大斧)	PerionGachapon(勇士之村)	0.72%
Heavy Hammer (鐵釘錘)	PerionGachapon(勇士之村)	0.72%
Lionheart (高原之劍)	PerionGachapon(勇士之村)	0.72%
Niam (綠蛇刀)	PerionGachapon(勇士之村)	0.72%
Sledgehammer (大錘)	PerionGachapon(勇士之村)	0.72%
Nakamaki (刺槍)	PerionGachapon(勇士之村)	0.72%
Axe Pole Arm (斧戟)	PerionGachapon(勇士之村)	0.72%
Red Snowshoes	PerionGachapon(勇士之村)	0.86%
Hwabi Throwing-Stars (月牙鏢)	KerningCityGachapon(墮落城市)	0.07%
Ilbi Throwing-Stars (日之鏢)	KerningCityGachapon(墮落城市)	0.09%
Red Craven (克利思拳套)	KerningCityGachapon(墮落城市)	0.16%
Gold Double Knife (黃金雙刃)	KerningCityGachapon(墮落城市)	0.16%
Blood Dagger (赤玉短刀)	KerningCityGachapon(墮落城市)	0.16%
Blue Anelin (藍色亞納林手套)	KerningCityGachapon(墮落城市)	0.16%
Green Anelin (綠色亞納林手套)	KerningCityGachapon(墮落城市)	0.16%
Red Anelin	KerningCityGachapon(墮落城市)	0.16%
Dark Anelin (黑色亞納林手套)	KerningCityGachapon(墮落城市)	0.16%
Green Canal Hood (綠色卡奈頭巾)	KerningCityGachapon(墮落城市)	0.16%
Blue Canal Hood (藍色卡奈頭巾)	KerningCityGachapon(墮落城市)	0.16%
Red Canal Hood (紅色卡奈頭巾)	KerningCityGachapon(墮落城市)	0.16%
Dark Canal Hood	KerningCityGachapon(墮落城市)	0.16%
Green Katinas	KerningCityGachapon(墮落城市)	0.16%
Blue Katinas (藍色貓裝)	KerningCityGachapon(墮落城市)	0.16%
Red Katinas (紅色貓裝)	KerningCityGachapon(墮落城市)	0.16%
Dark Katinas (黑色貓裝)	KerningCityGachapon(墮落城市)	0.16%
Green Katte	KerningCityGachapon(墮落城市)	0.16%
Blue Katte (藍色貓裝)	KerningCityGachapon(墮落城市)	0.16%
Red Katte (紅色貓裝)	KerningCityGachapon(墮落城市)	0.16%
Dark Katte (黑色貓裝)	KerningCityGachapon(墮落城市)	0.16%
Steely Throwing-Knives (雷之鏢)	KerningCityGachapon(墮落城市)	0.16%
Green Katina Boots (綠色蒂娜長靴)	KerningCityGachapon(墮落城市)	0.16%
Blue Katina Boots (藍色蒂娜長靴)	KerningCityGachapon(墮落城市)	0.16%
Red Katina Boots (紅色蒂娜長靴)	KerningCityGachapon(墮落城市)	0.16%
Dark Katina Boots (黑色蒂娜長靴)	KerningCityGachapon(墮落城市)	0.16%
Green Osfa Pants (藍色勇者褲)	KerningCityGachapon(墮落城市)	0.20%
Brown Osfa Pants (褐色勇者褲)	KerningCityGachapon(墮落城市)	0.20%
Purple Osfa Pants (粉色勇者褲)	KerningCityGachapon(墮落城市)	0.20%
Red Osfa Pants (紅色勇者褲)	KerningCityGachapon(墮落城市)	0.20%
Green Osfa Pants (藍色勇者褲)	KerningCityGachapon(墮落城市)	0.20%
Brown Osfa Pants (褐色勇者褲)	KerningCityGachapon(墮落城市)	0.20%
Purple Osfa Pants (粉色勇者褲)	KerningCityGachapon(墮落城市)	0.20%
Red Osfa Pants (紅色勇者褲)	KerningCityGachapon(墮落城市)	0.20%
Casters (卡帝斯拳套)	KerningCityGachapon(墮落城市)	0.20%
Cursayer (可撒之劍)	KerningCityGachapon(墮落城市)	0.20%
Varkit (霸傑之刃)	KerningCityGachapon(墮落城市)	0.20%
Green Mystra (綠色米斯特手套)	KerningCityGachapon(墮落城市)	0.20%
Purple Mystra (紫色米斯特手套)	KerningCityGachapon(墮落城市)	0.20%
Dark Mystra (黑色米斯特手套)	KerningCityGachapon(墮落城市)	0.20%
Green Osfa Hat (藍扣帶帽)	KerningCityGachapon(墮落城市)	0.20%
Brown Osfa Hat (褐扣帶帽)	KerningCityGachapon(墮落城市)	0.20%
Purple Osfa Hat (紫扣帶帽)	KerningCityGachapon(墮落城市)	0.20%
Red Osfa Hat (紅扣帶帽)	KerningCityGachapon(墮落城市)	0.20%
Persimmon	KerningCityGachapon(墮落城市)	0.20%
Green Osfa Boots (藍扣帶靴)	KerningCityGachapon(墮落城市)	0.20%
Brown Osfa Boots (褐扣帶靴)	KerningCityGachapon(墮落城市)	0.20%
Purple Osfa Boots (紫扣帶靴)	KerningCityGachapon(墮落城市)	0.20%
Red Osfa Boots (紅扣帶靴)	KerningCityGachapon(墮落城市)	0.20%
Green Osfa Suit (藍扣帶護甲)	KerningCityGachapon(墮落城市)	0.20%
Brown Osfa Suit (褐扣帶護甲)	KerningCityGachapon(墮落城市)	0.20%
Purple Osfa Suit (紫扣帶護甲)	KerningCityGachapon(墮落城市)	0.20%
Red Osfa Suit (紅扣帶護甲)	KerningCityGachapon(墮落城市)	0.20%
Green Osfa Suit (藍扣帶護甲)	KerningCityGachapon(墮落城市)	0.20%
Brown Osfa Suit (褐扣帶護甲)	KerningCityGachapon(墮落城市)	0.20%
Purple Osfa Suit (紫扣帶護甲)	KerningCityGachapon(墮落城市)	0.20%
Red Osfa Suit (紅扣帶護甲)	KerningCityGachapon(墮落城市)	0.20%
Green Pirate Pants (綠隱者之褲)	KerningCityGachapon(墮落城市)	0.25%
Red Pirate Pants (紅隱者之褲)	KerningCityGachapon(墮落城市)	0.25%
Dark Pirate Pants (黑隱者之褲)	KerningCityGachapon(墮落城市)	0.25%
Green Pirate Skirt (綠隱者之裙)	KerningCityGachapon(墮落城市)	0.25%
Red Pirate Skirt (紅隱者之裙)	KerningCityGachapon(墮落城市)	0.25%
Dark Pirate Skirt (黑隱者之裙)	KerningCityGachapon(墮落城市)	0.25%
Black Mamba (龍之拳)	KerningCityGachapon(墮落城市)	0.25%
Angelic Betrayal (小妖精刀)	KerningCityGachapon(墮落城市)	0.25%
Dragon's Tail (黑精靈拳刃)	KerningCityGachapon(墮落城市)	0.25%
Green Larceny (德古拉藍手套)	KerningCityGachapon(墮落城市)	0.25%
Purple Larceny (德古拉紫手套)	KerningCityGachapon(墮落城市)	0.25%
Blood Larceny (德古拉紅手套)	KerningCityGachapon(墮落城市)	0.25%
Brown Pireta Hat (褐色海盜帽)	KerningCityGachapon(墮落城市)	0.25%
Green Pireta Hat (綠色海盜帽)	KerningCityGachapon(墮落城市)	0.25%
Red Pireta Hat (紅色海盜帽)	KerningCityGachapon(墮落城市)	0.25%
Dark Pireta Hat (黑色海盜帽)	KerningCityGachapon(墮落城市)	0.25%
Tobi Throwing-Stars (梅之鏢)	KerningCityGachapon(墮落城市)	0.25%
Green Pirate Boots (綠飛影鞋)	KerningCityGachapon(墮落城市)	0.25%
Red Pirate Boots (紅飛影鞋)	KerningCityGachapon(墮落城市)	0.25%
Dark Pirate Boots (黑飛影鞋)	KerningCityGachapon(墮落城市)	0.25%
Green Pirate Top (綠隱者之服)	KerningCityGachapon(墮落城市)	0.25%
Red Pirate Top (紅隱者之服)	KerningCityGachapon(墮落城市)	0.25%
Dark Pirate Top (黑隱者之服)	KerningCityGachapon(墮落城市)	0.25%
Green Pirate Blouse (綠隱者之服)	KerningCityGachapon(墮落城市)	0.25%
Red Pirate Blouse (紅隱者之服)	KerningCityGachapon(墮落城市)	0.25%
Dark Pirate Blouse (黑隱者之服)	KerningCityGachapon(墮落城市)	0.25%
Brown Studded Pants (褐玄武之褲)	KerningCityGachapon(墮落城市)	0.30%
Blue Studded Pants (藍玄武之褲)	KerningCityGachapon(墮落城市)	0.30%
Dark Studded Pants (黑玄武之褲)	KerningCityGachapon(墮落城市)	0.30%
Purple Mystique Pants (紫朱雀之褲)	KerningCityGachapon(墮落城市)	0.30%
Blue Mystique Pants (藍朱雀之褲)	KerningCityGachapon(墮落城市)	0.30%
Pink Mystique Pants (粉紅朱雀之褲)	KerningCityGachapon(墮落城市)	0.30%
Red Mystique Pants (紅朱雀之褲)	KerningCityGachapon(墮落城市)	0.30%
Brown Scarab (黃閃電甲)	KerningCityGachapon(墮落城市)	0.30%
Green Scarab (綠閃電甲)	KerningCityGachapon(墮落城市)	0.30%
Blue Scarab (藍閃電甲)	KerningCityGachapon(墮落城市)	0.30%
Black Scarab (黑閃電甲)	KerningCityGachapon(墮落城市)	0.30%
Kandine (鳳凰刃)	KerningCityGachapon(墮落城市)	0.30%
Golden River (金剛刃)	KerningCityGachapon(墮落城市)	0.30%
Bronze Rover (青銅名譽手套)	KerningCityGachapon(墮落城市)	0.30%
Silver Rover (銀名譽手套)	KerningCityGachapon(墮落城市)	0.30%
Gold Rover (黃金名譽手套)	KerningCityGachapon(墮落城市)	0.30%
Brown Nightfox (褐天空之帽)	KerningCityGachapon(墮落城市)	0.30%
Blue Nightfox (藍天空之帽)	KerningCityGachapon(墮落城市)	0.30%
Purple Nightfox (紫天空之帽)	KerningCityGachapon(墮落城市)	0.30%
White Nightfox (白天空之帽)	KerningCityGachapon(墮落城市)	0.30%
Blood Nightfox (紅天空之帽)	KerningCityGachapon(墮落城市)	0.30%
Icicle (冰柱)	KerningCityGachapon(墮落城市)	0.30%
Purple Mystique Shoes (紫龍皮鞋)	KerningCityGachapon(墮落城市)	0.30%
Blue Mystique Shoes (藍龍皮鞋)	KerningCityGachapon(墮落城市)	0.30%
Red Mystique Shoes (紅龍皮鞋)	KerningCityGachapon(墮落城市)	0.30%
Brown Studded Top (褐玄武之甲)	KerningCityGachapon(墮落城市)	0.30%
Blue Studded Top (藍玄武之甲)	KerningCityGachapon(墮落城市)	0.30%
Dark Studded Top (黑玄武之甲)	KerningCityGachapon(墮落城市)	0.30%
Purple Mystique (紫朱雀之甲)	KerningCityGachapon(墮落城市)	0.30%
Blue Mystique (藍朱雀之甲)	KerningCityGachapon(墮落城市)	0.30%
Pink Mystique (粉紅朱雀之甲)	KerningCityGachapon(墮落城市)	0.30%
Red Mystique (紅朱雀之甲)	KerningCityGachapon(墮落城市)	0.30%
Light Scorpio Pants (白飛影之褲)	KerningCityGachapon(墮落城市)	0.38%
Oaker Scorpio Pants (黃飛影之褲)	KerningCityGachapon(墮落城市)	0.38%
Dark Scorpio Pants (黑飛影之褲)	KerningCityGachapon(墮落城市)	0.38%
Light Mantis Pants (灰飛影之褲)	KerningCityGachapon(墮落城市)	0.38%
Bloody Mantis Pants (赤飛影之褲)	KerningCityGachapon(墮落城市)	0.38%
Umber Mantis Pants (黑飛影之褲)	KerningCityGachapon(墮落城市)	0.38%
Bronze Gigantic (青銅戰神拳套)	KerningCityGachapon(墮落城市)	0.38%
Blood Gigantic (赤紅戰神拳套)	KerningCityGachapon(墮落城市)	0.38%
Sapphire Gigantic (藍寶戰神拳套)	KerningCityGachapon(墮落城市)	0.38%
Dark Gigantic (黑戰神拳套)	KerningCityGachapon(墮落城市)	0.38%
Deadly Fin (雙翼刃)	KerningCityGachapon(墮落城市)	0.38%
Serpent's Coil (金蛇劍)	KerningCityGachapon(墮落城市)	0.38%
Bronze Pow (青銅柔絲手套)	KerningCityGachapon(墮落城市)	0.38%
Steal Pow (鋼鐵柔絲手套)	KerningCityGachapon(墮落城市)	0.38%
Gold Pow (黃金柔絲手套)	KerningCityGachapon(墮落城市)	0.38%
Bronze Identity (青銅忍者頭巾)	KerningCityGachapon(墮落城市)	0.38%
Silver Identity (銀忍者頭巾)	KerningCityGachapon(墮落城市)	0.38%
Dark Identity (黑忍者頭巾)	KerningCityGachapon(墮落城市)	0.38%
Kumbi Throwing-Stars (雪花鏢)	KerningCityGachapon(墮落城市)	0.38%
Blood Moss Boots (紅無痕之鞋)	KerningCityGachapon(墮落城市)	0.38%
Gold Moss Boots (金無痕之鞋)	KerningCityGachapon(墮落城市)	0.38%
Dark Moss Boots (黑無痕之鞋)	KerningCityGachapon(墮落城市)	0.38%
Light Scorpio (白飛影之服)	KerningCityGachapon(墮落城市)	0.38%
Oaker Scorpio (黃飛影之服)	KerningCityGachapon(墮落城市)	0.38%
Dark Scorpio (黑飛影之服)	KerningCityGachapon(墮落城市)	0.38%
Light Mantis (灰飛影之服)	KerningCityGachapon(墮落城市)	0.38%
Bloody Mantis (赤飛影之服)	KerningCityGachapon(墮落城市)	0.38%
Umber Mantis (黑飛影之服)	KerningCityGachapon(墮落城市)	0.38%
Red China Pants (赤陽褲)	KerningCityGachapon(墮落城市)	0.49%
Blue China Pants (青陽褲)	KerningCityGachapon(墮落城市)	0.49%
Brown China Pants (黃陽褲)	KerningCityGachapon(墮落城市)	0.49%
Green China Pants (綠陽褲)	KerningCityGachapon(墮落城市)	0.49%
Maroon Moon Pants (紫月褲)	KerningCityGachapon(墮落城市)	0.49%
Blue Moon Pants (青月褲)	KerningCityGachapon(墮落城市)	0.49%
Brown Moon Pants (黃月褲)	KerningCityGachapon(墮落城市)	0.49%
Red Moon Pants (赤月褲)	KerningCityGachapon(墮落城市)	0.49%
Steel Slain (鋼鐵手甲)	KerningCityGachapon(墮落城市)	0.49%
Blood Slain (赤紅手甲)	KerningCityGachapon(墮落城市)	0.49%
Sapphire Slain (藍寶手甲)	KerningCityGachapon(墮落城市)	0.49%
Dark Slain (黑手甲)	KerningCityGachapon(墮落城市)	0.49%
Shinkita (破碎刃)	KerningCityGachapon(墮落城市)	0.49%
Sai (華氏短劍)	KerningCityGachapon(墮落城市)	0.49%
Blue Moon Gloves (藍月手套)	KerningCityGachapon(墮落城市)	0.49%
Brown Moon Gloves (黃月手套)	KerningCityGachapon(墮落城市)	0.49%
Red Moon Gloves (赤月手套)	KerningCityGachapon(墮落城市)	0.49%
Red Sonata (紅黑太陽帽)	KerningCityGachapon(墮落城市)	0.49%
Blue Sonata (藍黑太陽帽)	KerningCityGachapon(墮落城市)	0.49%
Green Sonata (綠黑太陽帽)	KerningCityGachapon(墮落城市)	0.49%
Brown Sonata (黃黑太陽帽)	KerningCityGachapon(墮落城市)	0.49%
Paper Fighter Plane (紙飛機)	KerningCityGachapon(墮落城市)	0.49%
Seclusion Wristguard (幸運盾牌)	KerningCityGachapon(墮落城市)	0.49%
Jurgen Wristguard (敏捷盾牌)	KerningCityGachapon(墮落城市)	0.49%
Blue Goni Shoes (藍雷電鞋)	KerningCityGachapon(墮落城市)	0.49%
Green Goni Shoes (綠雷電鞋)	KerningCityGachapon(墮落城市)	0.49%
Red Goni Shoes (紅雷電鞋)	KerningCityGachapon(墮落城市)	0.49%
Purple Goni Shoes (紫雷電鞋)	KerningCityGachapon(墮落城市)	0.49%
Red China (赤陽)	KerningCityGachapon(墮落城市)	0.49%
Blue China (青陽)	KerningCityGachapon(墮落城市)	0.49%
Brown China (黃陽)	KerningCityGachapon(墮落城市)	0.49%
Green China (綠陽)	KerningCityGachapon(墮落城市)	0.49%
Maroon Moon (紫月)	KerningCityGachapon(墮落城市)	0.49%
Blue Moon (青月)	KerningCityGachapon(墮落城市)	0.49%
Brown Moon (黃月)	KerningCityGachapon(墮落城市)	0.49%
Red Moon (赤月)	KerningCityGachapon(墮落城市)	0.49%
Khaki Shadow Pants (樹林之褲)	KerningCityGachapon(墮落城市)	0.66%
Marine Shadow Pants (滄海之褲)	KerningCityGachapon(墮落城市)	0.66%
Dark Shadow Pants (黑暗之褲)	KerningCityGachapon(墮落城市)	0.66%
Purple Shadow Pants (樹林之褲)	KerningCityGachapon(墮落城市)	0.66%
Red Shadow Pants (滄海之褲)	KerningCityGachapon(墮落城市)	0.66%
Dark Shadow Pants (黑暗之褲)	KerningCityGachapon(墮落城市)	0.66%
Steel Avarice (鋼鐵護腕)	KerningCityGachapon(墮落城市)	0.66%
Blood Avarice (赤紅護腕)	KerningCityGachapon(墮落城市)	0.66%
Adamantium Avarice (朱礦護腕)	KerningCityGachapon(墮落城市)	0.66%
Dark Avarice (黑護腕)	KerningCityGachapon(墮落城市)	0.66%
Bazlud (刺客短刀)	KerningCityGachapon(墮落城市)	0.66%
Dragon Toenail (龍炎短劍)	KerningCityGachapon(墮落城市)	0.66%
Dark Cleave (黑盜賊手套)	KerningCityGachapon(墮落城市)	0.66%
Red Cleave (紅盜賊手套)	KerningCityGachapon(墮落城市)	0.66%
Gold Cleave (黃金盜賊手套)	KerningCityGachapon(墮落城市)	0.66%
Red Pilfer (紅海盜頭巾)	KerningCityGachapon(墮落城市)	0.66%
Blue Pilfer (藍海盜頭巾)	KerningCityGachapon(墮落城市)	0.66%
Green Pilfer (綠海盜頭巾)	KerningCityGachapon(墮落城市)	0.66%
Brown Pilfer (褐海盜頭巾)	KerningCityGachapon(墮落城市)	0.66%
Dark Pilfer (黑海盜頭巾)	KerningCityGachapon(墮落城市)	0.66%
Wooden Top (木製陀螺)	KerningCityGachapon(墮落城市)	0.66%
Black Red-Lined Shoes (紅流星鞋)	KerningCityGachapon(墮落城市)	0.66%
Black Green-Lined Shoes (綠流星鞋)	KerningCityGachapon(墮落城市)	0.66%
Black Yellow-Lined Shoes (黃流星鞋)	KerningCityGachapon(墮落城市)	0.66%
Black Blue-Lines Shoes (藍流星鞋)	KerningCityGachapon(墮落城市)	0.66%
Khaki Shadow (樹林之影)	KerningCityGachapon(墮落城市)	0.66%
Marine Shadow (滄海之影)	KerningCityGachapon(墮落城市)	0.66%
Dark Shadow (深夜之影)	KerningCityGachapon(墮落城市)	0.66%
Purple Shadow (花精之影)	KerningCityGachapon(墮落城市)	0.66%
Red Shadow (火焰之影)	KerningCityGachapon(墮落城市)	0.66%
Dark Shadow (深夜之影)	KerningCityGachapon(墮落城市)	0.66%
Blue Knucklevest Pants (藍暗影之褲)	KerningCityGachapon(墮落城市)	0.77%
Red Knucklevest Pants (紅暗影之褲)	KerningCityGachapon(墮落城市)	0.77%
Black Knucklevest Pants (黑暗影之褲)	KerningCityGachapon(墮落城市)	0.77%
Bronze Guardian (青銅守護拳套)	KerningCityGachapon(墮落城市)	0.77%
Silver Guardian (銀守護拳套)	KerningCityGachapon(墮落城市)	0.77%
Dark Guardian (黑守護拳套)	KerningCityGachapon(墮落城市)	0.77%
Gephart (暗影刃)	KerningCityGachapon(墮落城市)	0.77%
Gold Arbion (黃金追擊手套)	KerningCityGachapon(墮落城市)	0.77%
Steel Arbion (鋼鐵追擊手套)	KerningCityGachapon(墮落城市)	0.77%
Orihalcon Arbion (紫礦追擊手套)	KerningCityGachapon(墮落城市)	0.77%
Red Burgler (紅防風帽)	KerningCityGachapon(墮落城市)	0.77%
Blue Burgler (藍防風帽)	KerningCityGachapon(墮落城市)	0.77%
Green Burgler (綠防風帽)	KerningCityGachapon(墮落城市)	0.77%
Brown Burgler (褐防風帽)	KerningCityGachapon(墮落城市)	0.77%
Dark Burgler (黑防風帽)	KerningCityGachapon(墮落城市)	0.77%
Dark Avenger (黑飛影甲)	KerningCityGachapon(墮落城市)	0.77%
Red Avenger (紅飛影甲)	KerningCityGachapon(墮落城市)	0.77%
Blue Avenger (藍飛影甲)	KerningCityGachapon(墮落城市)	0.77%
Purple Avenger (紫飛影甲)	KerningCityGachapon(墮落城市)	0.77%
Red White-Lined Boots (紅楊柳鞋)	KerningCityGachapon(墮落城市)	0.77%
Green White-Lined Boots (綠楊柳鞋)	KerningCityGachapon(墮落城市)	0.77%
Blue White-Lined Boots (藍楊柳鞋)	KerningCityGachapon(墮落城市)	0.77%
Green Knucklevest (綠暗影之服)	KerningCityGachapon(墮落城市)	0.77%
Red Knucklevest (紅暗影之服)	KerningCityGachapon(墮落城市)	0.77%
Black Knucklevest (黑暗影之服)	KerningCityGachapon(墮落城市)	0.77%
Halfmoon Zamadar (半月刃)	KerningCityGachapon(墮落城市)	0.86%
Wolbi Throwing-Stars (迴旋鏢)	KerningCityGachapon(墮落城市)	0.93%
Snowball (雪球)	KerningCityGachapon(墮落城市)	0.93%
Mokbi Throwing-Stars (黑色利刃)	KerningCityGachapon(墮落城市)	0.93%
Black Snowshoes	KerningCityGachapon(墮落城市)	0.93%
Nimble Wristguard (力量盾牌)	KerningCityGachapon(墮落城市)	0.93%
Black Polax Hat (黑色的航海帽)	NautilusGachapon(鯨魚號)	0.70%
Red Belly Duke (紅色公爵套裝)	NautilusGachapon(鯨魚號)	0.70%
Black Duke Barkin Shoes (黑色公爵靴)	NautilusGachapon(鯨魚號)	0.70%
Black Skellduke (黑色斯卡洛伯爵手套)	NautilusGachapon(鯨魚號)	0.70%
Eternal Bullet (穿甲彈)	NautilusGachapon(鯨魚號)	0.70%
King Cent (王者毀滅拳套)	NautilusGachapon(鯨魚號)	0.70%
Concerto (死亡協奏曲)	NautilusGachapon(鯨魚號)	0.70%
Red Brave Hamal (紅色勇者頭巾)	NautilusGachapon(鯨魚號)	0.85%
White Marquini (白色馬其尼套裝)	NautilusGachapon(鯨魚號)	0.85%
Black Markintz (黑色馬金斯靴)	NautilusGachapon(鯨魚號)	0.85%
Red Martier (紅色馬蒂爾手套)	NautilusGachapon(鯨魚號)	0.85%
White Fangz (吸血鬼之爪)	NautilusGachapon(鯨魚號)	0.85%
The Peacemaker (調停者)	NautilusGachapon(鯨魚號)	0.85%
Blue Sun Boat Hat (藍色船型帽)	NautilusGachapon(鯨魚號)	1.04%
White Pioneer (白色潘尼爾套裝)	NautilusGachapon(鯨魚號)	1.04%
Blue Pageant (藍色伯爵靴)	NautilusGachapon(鯨魚號)	1.04%
Blue Halfglove (藍色伯爵手套)	NautilusGachapon(鯨魚號)	1.04%
Steelno (紗羅毀滅拳套)	NautilusGachapon(鯨魚號)	1.04%
Infinity's Wrath (因弗蒂之槍)	NautilusGachapon(鯨魚號)	1.04%
Black Pirate's Bandana (黑色海盜頭巾)	NautilusGachapon(鯨魚號)	1.29%
Red Viska (紅色威斯克套裝)	NautilusGachapon(鯨魚號)	1.29%
Black Voyson Shoes (黑色航海靴)	NautilusGachapon(鯨魚號)	1.29%
Black Bisk (黑色威斯克手套)	NautilusGachapon(鯨魚號)	1.29%
Shiny Bullet (高爆彈)	NautilusGachapon(鯨魚號)	1.29%
Beia Crash (拜爾毀滅拳套)	NautilusGachapon(鯨魚號)	1.29%
Abyss Shooter (深淵射手)	NautilusGachapon(鯨魚號)	1.29%
Purple Cast Linen (紫色亞麻水手頭巾)	NautilusGachapon(鯨魚號)	1.62%
Black Royal Barone (紫色皇家套裝)	NautilusGachapon(鯨魚號)	1.62%
Black Basile Boots (黑色巴西里靴)	NautilusGachapon(鯨魚號)	1.62%
Black Schult (黑色舒爾特手套)	NautilusGachapon(鯨魚號)	1.62%
Blaze Capsule	NautilusGachapon(鯨魚號)	1.62%
Glaze Capsule	NautilusGachapon(鯨魚號)	1.62%
Psycho Claw	NautilusGachapon(鯨魚號)	1.62%
Burning Hell (灼熱地獄)	NautilusGachapon(鯨魚號)	1.62%
Brown Leather Ocean Hat (褐色皮製遠洋帽)	NautilusGachapon(鯨魚號)	2.09%
Green Plasteer (綠色強化服)	NautilusGachapon(鯨魚號)	2.09%
Brown Double Boots (褐色強化皮靴)	NautilusGachapon(鯨魚號)	2.09%
Brown Royce (褐色羅伊斯手套)	NautilusGachapon(鯨魚號)	2.09%
Vital Bullet (高等子彈)	NautilusGachapon(鯨魚號)	2.09%
Fury Claw (惡魔之爪)	NautilusGachapon(鯨魚號)	2.09%
Mr. Rasfelt (拉斯菲特之槍)	NautilusGachapon(鯨魚號)	2.09%
Red Misty (紅色皇家頭巾)	NautilusGachapon(鯨魚號)	2.79%
Red Barbay (紅色麻布衣)	NautilusGachapon(鯨魚號)	2.79%
Brown Leather Krag (褐色尖頭皮鞋)	NautilusGachapon(鯨魚號)	2.79%
Brown Barbee (褐色瑞恩手腕)	NautilusGachapon(鯨魚號)	2.79%
Mighty Bullet (強力子彈)	NautilusGachapon(鯨魚號)	2.79%
Neozard (尼奧札德毀滅拳套)	NautilusGachapon(鯨魚號)	2.79%
Lunar Shooter (銀月神射)	NautilusGachapon(鯨魚號)	2.79%
Blue Den Marine (海藍水手頭巾)	NautilusGachapon(鯨魚號)	3.28%
Blue Brace Look (藍色緊身服)	NautilusGachapon(鯨魚號)	3.28%
Brown Locote Shoes (褐色洛卡特鞋)	NautilusGachapon(鯨魚號)	3.28%
Brown Jeweled (褐色寶石手套)	NautilusGachapon(鯨魚號)	3.28%
Silver Maiden (利刃拳套)	NautilusGachapon(鯨魚號)	3.28%
Shooting Star (流星)	NautilusGachapon(鯨魚號)	3.28%
Purple Snowshoes	NautilusGachapon(鯨魚號)	3.95%
Split Bullet (子彈)	NautilusGachapon(鯨魚號)	3.95%
